ID,Name,Category,Subcategory,lat,lng,Nearest Station,Distance (m)
KE0002,Neo Steamboat,Food,Restaurant,3.2035127,101.7365065,KJ4 Sri Rampai,500.7
KE0004,Kak Eita Steamboat,Food,Restaurant,3.2035773,101.7365607,KJ4 Sri Rampai,506.7
KE0005,Western Replublic,Food,Restaurant,3.0994253,101.5906452,KJ27 Glenmarie,399.3
KE0006,Warung Kopi Mak Jah,Food,Restaurant,2.9959328,101.5731613,SP31 KJ37 Putra Heights,268.8
KE0007,Oversea Restaurant,Food,Restaurant,3.1043199,101.6401656,KJ21 Asia Jaya,270
KE0008,Old Town,Food,Cafe,3.133234,101.6890616,MR1 KL Sentral (Monorail),144.2
KE0009,Hard Rock Cafe,Food,Restaurant,3.1556171,101.7054722,KJ12 Dang Wangi,401.3
KE0010,McDonald's,Food,Fast Food,3.0482247,101.58581,KJ32 Taipan,484.2
KE0011,Cristang,Food,Restaurant,3.1005907,101.6400402,KJ21 Asia Jaya,490.6
KE0012,Saravanaa Bhavan,Food,Restaurant,3.0999116,101.6442768,KJ20 Taman Jaya,475.4
KE0013,DH Nyonya Cafe,Food,Cafe,3.1003925,101.6398823,KJ21 Asia Jaya,501
KE0014,Mama Mia Restaurant & Bistro,Food,Restaurant,3.1001105,101.6450568,KJ20 Taman Jaya,440
KE0015,Restoran Sri Karak,Food,Restaurant,3.0996641,101.6453804,KJ20 Taman Jaya,488.7
KE0016,Syed Bistro,Food,Restaurant,3.1010276,101.641056,KJ21 Asia Jaya,522.4
KE0017,Restoran Sederhana,Food,Restaurant,3.1016688,101.6401955,KJ21 Asia Jaya,404.8
KE0018,Sentrum Cafe and Bistro,Food,Cafe,3.1014023,101.6413517,KJ21 Asia Jaya,518.7
KE0019,Restoran Imperial Garden,Food,Restaurant,3.1043537,101.6400053,KJ21 Asia Jaya,252.1
KE0020,Out Of Africa,Food,Restaurant,3.1014532,101.6463192,KJ20 Taman Jaya,310.4
KE0021,Robin Hood,Food,Restaurant,3.1005479,101.6398846,KJ21 Asia Jaya,486
KE0022,Voilà Meat Free Restaurant,Food,Restaurant,3.1419175,101.6971822,KG16 Pasar Seni,113.6
KE0023,Restoran SK Maju,Food,Restaurant,3.1113322,101.6121271,KJ23 Taman Bahagia,96.6
KE0024,Unnamed,Food,Restaurant,3.1107505,101.5907505,KJ25 Lembah Subang,158.5
KE0025,Ria Cafe,Food,Restaurant,3.1110044,101.583326,KJ26 Ara Damansara,461.2
KE0026,Kapitan,Food,Restaurant,3.1115058,101.5839617,KJ26 Ara Damansara,449.1
KE0027,Unnamed,Food,Restaurant,3.1116635,101.5835805,KJ26 Ara Damansara,490.3
KE0028,Unnamed,Food,Restaurant,3.1049701,101.6354376,KJ21 Asia Jaya,264
KE0029,Unnamed,Food,Restaurant,3.1049963,101.6347452,KJ21 Asia Jaya,339.5
KE0030,Piccadilly,Food,Restaurant,3.1053111,101.6348672,KJ21 Asia Jaya,335.6
KE0031,KFC,Food,Fast Food,3.1090697,101.6228167,KJ22 Taman Paramount,487.4
KE0032,Lucky Seafood,Food,Restaurant,3.1063717,101.6252403,KJ22 Taman Paramount,294.6
KE0033,Meng Kee Steam Soup,Food,Restaurant,3.1072582,101.6241406,KJ22 Taman Paramount,303.6
KE0034,Paramount 86,Food,Restaurant,3.1080992,101.6239475,KJ22 Taman Paramount,387.3
KE0035,Gold Dragon City,Food,Restaurant,3.1068592,101.6249936,KJ22 Taman Paramount,313.1
KE0036,O&S,Food,Restaurant,3.1077832,101.6248702,KJ22 Taman Paramount,390.6
KE0037,Loong Foong,Food,Restaurant,3.1061039,101.6256856,KJ22 Taman Paramount,318.8
KE0038,Aroma,Food,Restaurant,3.1113931,101.5843776,KJ26 Ara Damansara,410.5
KE0039,Unnamed,Food,Restaurant,3.1068281,101.6244978,KJ22 Taman Paramount,278
KE0040,Chidori Cafe,Food,Cafe,3.1105135,101.5836297,KJ26 Ara Damansara,401.5
KE0041,Memphis Bistro,Food,Restaurant,3.1114911,101.5843566,KJ26 Ara Damansara,420.6
KE0042,Golden Thyme Cafe,Food,Cafe,3.1112902,101.5843807,KJ26 Ara Damansara,401.1
KE0043,Ayam Kampung,Food,Restaurant,3.1111268,101.5830772,KJ26 Ara Damansara,491.4
KE0044,Canadian Pizza 2-for-1 Wangsa Maju,Food,Restaurant,3.196799,101.7416491,KJ4 Sri Rampai,541
KE0045,TGV Cinemas,Entertainment,Cinema,3.1981649,101.7410107,KJ4 Sri Rampai,419.3
KE0046,Ghandhi's Vegetarian Corner,Food,Restaurant,3.1344368,101.6921484,MR1 KL Sentral (Monorail),512.1
KE0047,Restoran Chat Masala,Food,Restaurant,3.1282035,101.6834589,KJ16 Bangsar,500.1
KE0048,Sri Kortumalai Pillayar,Food,Restaurant,3.1295395,101.6840433,MR1 KL Sentral (Monorail),553.2
KE0049,Saravanaa Bhavan,Food,Restaurant,3.1310459,101.6859131,MR1 KL Sentral (Monorail),286.5
KE0050,Nam Chew Coffee Shop,Food,Restaurant,3.1483213,101.6975995,AG7 SP7 KJ13 Masjid Jamek,174.8
KE0051,Raj Bhavan,Food,Restaurant,3.1489294,101.6973675,AG7 SP7 KJ13 Masjid Jamek,113.8
KE0052,Lakshmi Vilas Superior,Food,Restaurant,3.1490958,101.6975362,AG7 SP7 KJ13 Masjid Jamek,124.3
KE0053,Durian Stall,Food,Cafe,3.1134135,101.6075358,KJ24 Kelana Jaya,353.8
KE0054,Unnamed,Food,Restaurant,3.2067062,101.7345692,KJ3 Wangsa Maju,313.8
KE0055,Yu Mi Zhi Xiang,Food,Restaurant,3.033446,101.5791725,KJ34 USJ21,506.1
KE0056,Garden Heights,Food,Restaurant,2.9930368,101.5745816,SP31 KJ37 Putra Heights,352.7
KE0057,Oversea,Food,Restaurant,3.1042314,101.6411764,KJ21 Asia Jaya,382.4
KE0058,Muhibbah,Food,Restaurant,3.1229028,101.6758676,KD01 Abdullah Hukum,533.9
KE0059,Pizza Hut,Food,Restaurant,3.1288903,101.6798419,KJ16 Bangsar,184.4
KE0061,Restoran Heritage One Station,Food,Restaurant,3.1404499,101.6935743,KJ14 Pasar Seni,292.9
KE0062,The Ganga Cafe,Food,Restaurant,3.1226306,101.6709369,KJ17 Abdullah Hukum,484.1
KE0063,Starbucks,Food,Cafe,3.1566188,101.712256,KJ10 KLCC,317.2
KE0064,Petronas Towers Viewpoint #2,Other,Viewpoint,3.1561762,101.7137639,KJ10 KLCC,344.3
KE0065,Janova,Food,Restaurant,3.1015412,101.6411921,KJ21 Asia Jaya,495.2
KE0066,Yarl,Food,Restaurant,3.1339617,101.6906715,MR1 KL Sentral (Monorail),340.4
KE0067,Baba Low's Bangsar,Food,Restaurant,3.1225022,101.6711018,KJ17 Abdullah Hukum,463.2
KE0068,Shuang Siew,Food,Restaurant,3.1066666,101.6254469,KJ22 Taman Paramount,333.2
KE0069,Shi Zhi Jia,Food,Restaurant,3.1067175,101.6254255,KJ22 Taman Paramount,335.2
KE0070,Iskandar Mammak,Food,Restaurant,3.1141993,101.5906844,KJ25 Lembah Subang,247.1
KE0071,Yun Lai Huat Dim Sum,Food,Restaurant,3.1149604,101.5906863,KJ25 Lembah Subang,329.2
KE0072,Happy Lucky Coffee Shop,Food,Restaurant,3.114188,101.58963,KJ25 Lembah Subang,300.4
KE0073,Ming Yang Coffee Shop,Food,Restaurant,3.1159437,101.5894664,KJ25 Lembah Subang,477.1
KE0074,Cubes Pizza,Food,Restaurant,3.1153545,101.5885123,KJ25 Lembah Subang,479.4
KE0075,Anak Kelantan,Food,Restaurant,3.1153342,101.5888489,KJ25 Lembah Subang,454.4
KE0076,Restaurant Chaya Timur,Food,Restaurant,3.11572,101.5900141,KJ25 Lembah Subang,430.9
KE0077,Restoran Safi Bistro,Food,Restaurant,3.1160129,101.5907268,KJ25 Lembah Subang,443.7
KE0078,Coffee Gems,Food,Cafe,3.1149709,101.5886382,KJ25 Lembah Subang,438.2
KE0079,Birdnest Collective,Food,Cafe,3.1427638,101.6967977,KG16 Pasar Seni,68.3
KE0080,Sri Covai Restaurant,Food,Restaurant,3.1510161,101.6979194,AG7 SP7 KJ13 Masjid Jamek,241.3
KE0081,Yusoof Dan Zakhir,Food,Restaurant,3.1450281,101.6958385,KJ14 Pasar Seni,294.1
KE0082,Unnamed,Food,Food Court,3.1503415,101.6998213,AG7 SP7 KJ13 Masjid Jamek,387.3
KE0083,Antipodean,Food,Restaurant,3.1562637,101.7208175,PY21 Persiaran KLCC,311.9
KE0084,Sany Cafe Char Koay Teow,Food,Restaurant,3.1114561,101.6622179,KJ19 Universiti,348.5
KE0085,Jaya,Food,Restaurant,3.1318837,101.6876896,MR1 KL Sentral (Monorail),96.4
KE0086,Dharma Realm Guan Yin Sagely Monastery Canteen,Food,Fast Food,3.1594183,101.7160297,KJ10 KLCC,296.3
KE0087,Unnamed,Culture,Attraction,3.1477351,101.6934234,AG7 SP7 KJ13 Masjid Jamek,385.1
KE0088,Museum Cafe,Food,Cafe,3.1489986,101.6991275,AG7 SP7 KJ13 Masjid Jamek,299.5
KE0090,Starbucks,Food,Cafe,3.154351,101.6991134,KJ12 Dang Wangi,416.4
KE0091,Secret Recipe,Food,Fast Food,3.154175,101.6986209,KJ12 Dang Wangi,471.6
KE0092,RSMY,Food,Restaurant,3.1547126,101.6977425,KJ12 Dang Wangi,524.9
KE0093,Nando's,Food,Restaurant,3.1576778,101.7118211,KJ10 KLCC,244.7
KE0094,Starbucks,Food,Cafe,3.159614,101.718671,KJ9 Ampang Park,70.1
KE0095,Starbucks,Food,Cafe,3.1550373,101.7188015,PY21 Persiaran KLCC,217
KE0096,Feeka Coffee Roasters,Food,Cafe,3.1540836,101.7184645,PY21 Persiaran KLCC,310.4
KE0097,Kampachi,Food,Restaurant,3.1579912,101.718108,PY21 Persiaran KLCC,127.3
KE0098,Suasana,Food,Restaurant,3.121022,101.6756691,KD01 Abdullah Hukum,358.8
KE0099,Restoran Leeyas Corner,Food,Restaurant,3.1230782,101.6758556,KD01 Abdullah Hukum,549.7
KE0102,Selera Ampang,Food,Restaurant,3.1589121,101.7145698,KJ10 KLCC,138.7
KE0103,Baba Low,Food,Restaurant,3.1301142,101.6802111,KJ16 Bangsar,324.4
KE0104,Ahmed Nasi Kandar Penang,Food,Restaurant,3.1452663,101.6982159,KG16 Pasar Seni,382.2
KE0105,Tajudin Nasi Beriani,Food,Restaurant,3.1464391,101.6959811,AG7 SP7 KJ13 Masjid Jamek,334.4
KE0106,TWT Coffee,Food,Cafe,3.1537791,101.6994015,KJ12 Dang Wangi,437.2
KE0107,Nomad’s,Food,Cafe,3.1437075,101.6958106,KJ14 Pasar Seni,151.9
KE0108,Kafe Kleptokrat,Food,Restaurant,3.1489679,101.6981704,AG7 SP7 KJ13 Masjid Jamek,196
KE0109,West Lake,Food,Restaurant,3.1430231,101.6985746,KG16 Pasar Seni,262.5
KE0110,Yut Kee,Food,Restaurant,3.1564828,101.7003022,KJ12 Dang Wangi,193.2
KE0111,AllAce Burger & Chicken,Food,Fast Food,3.1452823,101.6984154,KG16 Pasar Seni,396.5
KE0112,Chef Shan,Food,Restaurant,3.1534661,101.7053725,KJ12 Dang Wangi,517.7
KE0113,Claypot Rice By The Roadside,Food,Fast Food,3.1449144,101.6986365,KG16 Pasar Seni,380.8
KE0114,Warong Mak Leha,Food,Restaurant,3.1609552,101.701628,KJ12 Dang Wangi,474.2
KE0115,Restoran Golden Junction,Food,Restaurant,3.1576424,101.7008379,KJ12 Dang Wangi,167.9
KE0116,Moontree House,Food,Cafe,3.141975,101.6972237,KG16 Pasar Seni,114.8
KE0117,Old Kasturi Kopitiam,Food,Restaurant,3.142822,101.6959358,KG16 Pasar Seni,59.7
KE0118,Panggung Bandaraya DBKL,Entertainment,Theatre,3.1502308,101.6949265,AG7 SP7 KJ13 Masjid Jamek,193.4
KE0119,KFC,Food,Fast Food,3.1450872,101.6986728,KG16 Pasar Seni,397.7
KE0120,Sup Kambing Tangga,Food,Fast Food,3.1452467,101.6977313,KG16 Pasar Seni,353
KE0121,PODs The Backpackers Home & Cafe,Food,Cafe,3.1317956,101.6878915,MR1 KL Sentral (Monorail),104.3
KE0122,Kuala Lumpur City Gallery,Culture,Museum,3.1472239,101.693407,AG7 SP7 KJ13 Masjid Jamek,417.1
KE0123,Anjappar,Food,Restaurant,3.148772,101.6972123,AG7 SP7 KJ13 Masjid Jamek,109.3
KE0124,Mama San,Food,Restaurant,3.158483,101.7118871,KJ10 KLCC,184.9
KE0125,Madam Kwan's,Food,Restaurant,3.1567627,101.7119661,KJ10 KLCC,317
KE0126,Ristorante Moghul Mahal,Food,Restaurant,3.1530757,101.7037119,KJ12 Dang Wangi,445.2
KE0127,Lokl Coffee Co,Food,Cafe,3.1487879,101.6979943,AG7 SP7 KJ13 Masjid Jamek,183.7
KE0128,McDonald's,Food,Fast Food,3.1490335,101.6969411,AG7 SP7 KJ13 Masjid Jamek,67.6
KE0129,Restoran Loong Huang,Food,Restaurant,3.1457619,101.6964682,KG16 Pasar Seni,372.4
KE0130,Betel Leaf,Food,Restaurant,3.1494005,101.6979006,AG7 SP7 KJ13 Masjid Jamek,159.8
KE0131,Mala Tang Jalan Sultan,Food,Restaurant,3.143634,101.6985536,KG16 Pasar Seni,285.5
KE0132,Chocha Foodstore,Food,Cafe,3.1408565,101.6980974,KG16 Pasar Seni,265.4
KE0133,Ali Muthu & Ahhack,Food,Restaurant,3.1413972,101.6972637,KG16 Pasar Seni,156.8
KE0134,B & Best Seafood Restaurant,Food,Restaurant,3.1106329,101.6034408,KJ24 Kelana Jaya,234
KE0135,Restoran Kiew Yee Baru,Food,Restaurant,3.1438365,101.6966932,KG16 Pasar Seni,164
KE0136,Uzen,Food,Restaurant,3.1554201,101.7056443,KJ12 Dang Wangi,426.4
KE0137,Jungle Cafe,Food,Cafe,3.1525928,101.7035109,KJ12 Dang Wangi,486.4
KE0138,Unnamed,Food,Cafe,3.1526294,101.7038506,KJ12 Dang Wangi,496.7
KE0139,Melur & Thyme,Food,Restaurant,3.1577902,101.7131719,KJ10 KLCC,163.4
KE0140,The Apartment,Food,Restaurant,3.1573162,101.713137,KJ10 KLCC,216.2
KE0141,Le Shady Trinity,Food,Cafe,3.1428954,101.6964298,KG16 Pasar Seni,55.4
KE0142,Naatamai Garden,Food,Restaurant,3.1281222,101.6828709,KJ16 Bangsar,434.2
KE0143,Ali-Sons Nasi Kandar,Food,Restaurant,3.1452529,101.6980753,KG16 Pasar Seni,372.4
KE0144,Rasta Cafe & Bar,Food,Cafe,3.1428073,101.6965989,KG16 Pasar Seni,55.3
KE0145,Nam Heong,Food,Restaurant,3.1435269,101.6985493,KG16 Pasar Seni,279.6
KE0146,Sithique Nasi Kandar,Food,Restaurant,3.1309367,101.685723,MR1 KL Sentral (Monorail),310.4
KE0147,KFC,Food,Fast Food,3.1347778,101.6864741,KL Sentral,55.9
KE0148,Merchant's Lane,Food,Cafe,3.1410448,101.6980959,KG16 Pasar Seni,252
KE0149,Dewan Filharmonik PETRONAS,Entertainment,Theatre,3.1580219,101.711686,KJ10 KLCC,231
KE0150,Subway,Food,Fast Food,3.1575235,101.712735,KJ10 KLCC,204
KE0151,KungFu Bake Rice,Food,Fast Food,3.1569928,101.7120473,KJ10 KLCC,290.3
KE0152,Fast & Yummy Shawarma,Food,Fast Food,3.145346,101.6969164,KG16 Pasar Seni,333
KE0153,Unnamed,Food,Food Court,3.1525056,101.6973081,AG7 SP7 KJ13 Masjid Jamek,357.1
KE0154,Murni,Food,Restaurant,3.0469256,101.5875076,KJ32 Taipan,310.9
KE0155,Koopeecatz,Food,Cafe,3.0470181,101.5872841,KJ32 Taipan,331.4
KE0156,Lostgens' Contemporary Art Space (Findars),Culture,Arts Centre,3.1418599,101.6972314,KG16 Pasar Seni,121.6
KE0157,Meteora,Food,Cafe,3.0472564,101.5874798,KJ32 Taipan,303.9
KE0158,Old China Café,Food,Restaurant,3.1413844,101.6973506,KG16 Pasar Seni,164.6
KE0159,Le Monde Cafe,Food,Cafe,3.1466716,101.6958311,AG7 SP7 KJ13 Masjid Jamek,312.2
KE0160,Chilly Pan Mee,Food,Restaurant,3.0472022,101.5868975,KJ32 Taipan,368.4
KE0161,Canadian Pizza,Food,Fast Food,3.047162,101.5868412,KJ32 Taipan,375.4
KE0162,Domino's,Food,Fast Food,3.0473803,101.5870678,KJ32 Taipan,346.4
KE0163,Restoran Nora,Food,Restaurant,3.0468888,101.5904628,KJ32 Taipan,111.1
KE0164,Restoran Yeo Ye,Food,Restaurant,3.0471057,101.5902054,KJ32 Taipan,81.8
KE0165,Restoran Goodyear,Food,Restaurant,3.0471821,101.5901061,KJ32 Taipan,73.3
KE0166,Restoran Yeo Ye,Food,Restaurant,3.0473361,101.5902496,KJ32 Taipan,57
KE0167,Restoran Jamali,Food,Restaurant,3.0470455,101.5906037,KJ32 Taipan,101.4
KE0168,Restoran Tien Tien Fatt,Food,Restaurant,3.0469772,101.5899345,KJ32 Taipan,98.9
KE0170,Roofino Bar & Skydining,Food,Restaurant,3.1634702,101.7179064,PY20 Ampang Park,192.8
KE0171,SugarBun Ara Damansara,Food,Fast Food,3.1110649,101.5870475,KJ26 Ara Damansara,297.3
KE0172,Am Sande Cafe,Food,Restaurant,3.1106348,101.5864587,KJ26 Ara Damansara,245.4
KE0173,Ten Years Ara Damansara,Food,Restaurant,3.1102319,101.5862985,KJ26 Ara Damansara,202.7
KE0174,Jerold's,Food,Restaurant,3.1110494,101.5863061,KJ26 Ara Damansara,292.7
KE0175,Sisters Place Kopitiam,Food,Restaurant,3.110956,101.5862695,KJ26 Ara Damansara,282.8
KE0176,Sip & Spin Laundry Cafe,Food,Cafe,3.1108546,101.5862329,KJ26 Ara Damansara,272.2
KE0177,Stevies Cafe,Food,Cafe,3.1106353,101.5861597,KJ26 Ara Damansara,249.5
KE0178,Dark & Twisted,Food,Cafe,3.1100305,101.5861963,KJ26 Ara Damansara,182.9
KE0179,Restoran Enak,Food,Restaurant,3.111637,101.5856262,KJ26 Ara Damansara,371.9
KE0180,Double A Cafe,Food,Cafe,3.1114661,101.5860545,KJ26 Ara Damansara,342.5
KE0181,Penang Road Restaurant,Food,Restaurant,3.1115313,101.5859118,KJ26 Ara Damansara,352.6
KE0182,Teh Tarik Place,Food,Cafe,3.1098194,101.5861557,KJ26 Ara Damansara,161.5
KE0183,Sushi Q,Food,Cafe,3.109722,101.5863955,KJ26 Ara Damansara,145
KE0184,My Oak Bakery & Cafe,Food,Cafe,3.1114838,101.5851434,KJ26 Ara Damansara,375.2
KE0185,Fancy Mee,Food,Restaurant,3.1106678,101.5855499,KJ26 Ara Damansara,273.9
KE0186,An-Nasuha Beverages,Food,Restaurant,3.151936,101.6973321,AG7 SP7 KJ13 Masjid Jamek,297.3
KE0187,Churitto’s,Food,Restaurant,3.1283812,101.6793083,KJ16 Bangsar,108.4
KE0188,Laksa Pot,Food,Restaurant,3.1518176,101.7028692,KJ12 Dang Wangi,551.9
KE0189,Nasi Kandar KL Express,Food,Restaurant,3.1501594,101.6974903,AG7 SP7 KJ13 Masjid Jamek,141.6
KE0190,Anjappar,Food,Restaurant,3.1321736,101.6871369,MR1 KL Sentral (Monorail),101.9
KE0191,Ramly,Food,Fast Food,3.1271362,101.6829107,KJ16 Bangsar,433.5
KE0192,Seetharam,Food,Restaurant,3.1288252,101.6837454,KJ16 Bangsar,546.6
KE0193,stall next post office,Food,Cafe,3.1013728,101.6434645,KJ20 Taman Jaya,362.5
KE0194,Boost,Food,Fast Food,3.1489255,101.6967051,AG7 SP7 KJ13 Masjid Jamek,60.1
KE0195,Fuego Troika Sky Dining,Food,Restaurant,3.1583115,101.717946,PY21 Persiaran KLCC,163.4
KE0196,Kedai Kopi Lai Foong,Food,Restaurant,3.1453009,101.6967286,KG16 Pasar Seni,324.3
KE0197,Tang City Food Court,Food,Food Court,3.1445107,101.6981807,KG16 Pasar Seni,313.5
KE0198,Unnamed,Food,Food Court,3.1381608,101.6874033,KL Sentral,445.8
KE0199,Boardwalk,Food,Restaurant,3.1355822,101.6856358,KL Sentral,166.7
KE0200,Iketeru,Food,Restaurant,3.1353511,101.6859575,KL Sentral,127.9
KE0202,ILHAM Gallery,Culture,Gallery,3.1591109,101.7188203,KJ9 Ampang Park,114
KE0203,Unnamed,Food,Fast Food,3.1434125,101.6985133,KG16 Pasar Seni,270.6
KE0204,Ali Kafe Tom Yam Seafood,Food,Restaurant,3.1167205,101.6696771,KJ18 Kerinchi,189.6
KE0205,Restoran Haslam,Food,Restaurant,3.1166197,101.668933,KJ18 Kerinchi,134.8
KE0206,The London Circle,Food,Restaurant,3.1164644,101.667623,KJ18 Kerinchi,145.4
KE0207,Restoran Amjal,Food,Restaurant,3.1182812,101.6650217,KJ18 Kerinchi,495.1
KE0209,Chang Cheng 88 Kopitiam,Food,Restaurant,2.9959306,101.5725298,SP31 KJ37 Putra Heights,338.9
KE0210,Pizza Hut,Food,Restaurant,2.9963681,101.5741419,SP31 KJ37 Putra Heights,163.5
KE0211,Domino's,Food,Fast Food,2.9963659,101.5742098,SP31 KJ37 Putra Heights,156.1
KE0212,Restoran Ali Maju,Food,Restaurant,3.1774316,101.7381214,KJ5 Setiawangsa,311.5
KE0213,Restoran Aroma,Food,Restaurant,3.1302046,101.6835888,KJ15 KL Sentral,542.4
KE0214,Sri Paandi Curry House,Food,Restaurant,3.1293643,101.6843368,MR1 KL Sentral (Monorail),541.9
KE0215,Muna's Curry House,Food,Restaurant,3.1280132,101.6821762,KJ16 Bangsar,356.1
KE0216,Wei-Ling Gallery,Culture,Gallery,3.1358904,101.691433,MR1 KL Sentral (Monorail),529.5
KE0217,Galeri Petronas,Culture,Gallery,3.1579451,101.7120305,KJ10 KLCC,207.2
KE0218,Mawar Merah,Food,Restaurant,3.1453353,101.6990643,KG16 Pasar Seni,447.4
KE0219,Dolly Dim Sum,Food,Restaurant,3.1597862,101.7139579,KJ10 KLCC,88.9
KE0220,Restoran Kim Lian Kee,Food,Restaurant,3.1443421,101.6975031,KG16 Pasar Seni,252.9
KE0221,Canteen Skolah@TAR,Food,Restaurant,3.1509713,101.6952892,AG7 SP7 KJ13 Masjid Jamek,217.2
KE0222,Precious Old China,Food,Restaurant,3.1454428,101.6954569,KJ14 Pasar Seni,334.6
KE0223,Taksu Gallery,Culture,Museum,3.1720659,101.7326832,KJ5 Setiawangsa,541.5
KE0225,Selara Johor,Food,Restaurant,3.1767556,101.7371423,KJ5 Setiawangsa,179.6
KE0226,Punjabi Rasoi,Food,Restaurant,3.1320571,101.6878521,MR1 KL Sentral (Monorail),75.1
KE0227,Restoran Khalifah Usj,Food,Restaurant,3.0433527,101.5904059,KJ32 Taipan,499.7
KE0228,Chayas,Food,Restaurant,3.148068,101.69786,AG7 SP7 KJ13 Masjid Jamek,215.2
KE0229,Atmosphere 360 Revolving Restaurant,Food,Restaurant,3.1528139,101.7039268,KJ12 Dang Wangi,481.7
KE0230,Restoran Kader,Food,Restaurant,3.1492366,101.6974366,AG7 SP7 KJ13 Masjid Jamek,110
KE0231,Saravanaa Bhavan,Food,Fast Food,3.1492772,101.6974697,AG7 SP7 KJ13 Masjid Jamek,112.9
KE0232,Palmierra28,Food,Restaurant,3.1410137,101.698098,KG16 Pasar Seni,254.3
KE0233,Urban Operation,Food,Restaurant,3.1452703,101.698266,KG16 Pasar Seni,385.7
KE0234,KFC,Food,Fast Food,3.1487571,101.696829,AG7 SP7 KJ13 Masjid Jamek,83.1
KE0235,VR Avenue K KL,Food,Restaurant,3.1594542,101.7135291,KJ10 KLCC,29.3
KE0236,The Cantina,Food,Cafe,3.0463846,101.5867554,KJ32 Taipan,410.5
KE0237,Pan Mee,Food,Cafe,3.046327,101.586758,KJ32 Taipan,412.8
KE0238,Warisan Sambal Opah,Food,Restaurant,3.0457404,101.5867084,KJ32 Taipan,448.1
KE0239,Rasmeena,Food,Restaurant,3.0457417,101.5863866,KJ32 Taipan,478.9
KE0240,Wei Kee,Food,Restaurant,3.0465694,101.5863812,KJ32 Taipan,442
KE0241,Jang Pin Kitchen,Food,Restaurant,3.0466671,101.5863785,KJ32 Taipan,439
KE0242,Sushi Zens,Food,Restaurant,3.0468667,101.5865314,KJ32 Taipan,416.5
KE0243,Restoran Tek Kee Noodle House,Food,Restaurant,3.0469711,101.586632,KJ32 Taipan,402.7
KE0244,Healthy Vegetarian,Food,Restaurant,3.0467314,101.58698,KJ32 Taipan,373.3
KE0245,Khean Tim Sum Restaurant,Food,Restaurant,3.0467716,101.5870216,KJ32 Taipan,367.5
KE0246,Chinese Muslim Food Paradise SDN BHD,Food,Restaurant,3.0465908,101.5868023,KJ32 Taipan,397.1
KE0247,Hotspin,Food,Cafe,3.0466979,101.5872489,KJ32 Taipan,346.6
KE0248,McDonald's,Food,Fast Food,3.1346045,101.6863202,KL Sentral,36.5
KE0249,Subway,Food,Fast Food,3.1359541,101.6889358,KJ15 KL Sentral,338
KE0250,Gopala,Food,Restaurant,3.1299588,101.683826,MR1 KL Sentral (Monorail),544.2
KE0251,Fatty Crab CASH ONLY,Food,Restaurant,3.1149203,101.612579,KJ23 Taman Bahagia,470.3
KE0252,Hon Kee Porridge,Food,Restaurant,3.1443477,101.6978606,KG16 Pasar Seni,276.6
KE0253,Restoran Haji Shahol,Food,Restaurant,3.1315067,101.6868132,MR1 KL Sentral (Monorail),179.4
KE0254,etc.,Food,Cafe,3.1430594,101.6966318,KG16 Pasar Seni,80.9
KE0255,Wangsa Bowl,Entertainment,Bowling Alley,3.1979647,101.741302,KJ4 Sri Rampai,456.3
KE0256,CP Amusement,Entertainment,Amusement Arcade,3.1981643,101.7415337,KJ4 Sri Rampai,475.8
KE0257,Texas Chicken,Food,Fast Food,3.1980827,101.7418108,KJ4 Sri Rampai,507.8
KE0258,TGI Fridays,Food,Restaurant,3.1985543,101.7411658,KJ4 Sri Rampai,427.9
KE0259,Subway,Food,Fast Food,3.1985589,101.7419879,KJ4 Sri Rampai,518.3
KE0260,Secret Recipe,Food,Fast Food,3.198314,101.7421151,KJ4 Sri Rampai,536.1
KE0261,OldTown White Coffee,Food,Cafe,3.1983684,101.7409705,KJ4 Sri Rampai,409.9
KE0262,Octopus Sushi & Thai,Food,Restaurant,3.1982625,101.7412509,KJ4 Sri Rampai,442.8
KE0263,Hailam Kopitiam,Food,Cafe,3.1976015,101.7407723,KJ4 Sri Rampai,414.5
KE0264,NZ Curry House,Food,Restaurant,3.1971277,101.7415263,KJ4 Sri Rampai,512.5
KE0265,Patatimo,Food,Restaurant,3.1969108,101.7411309,KJ4 Sri Rampai,484.7
KE0266,Mee Udang Mak Jah Kuala Sepetang,Food,Restaurant,3.1969565,101.7406303,KJ4 Sri Rampai,434.6
KE0267,Plus Plus Setapak Restaurant,Food,Restaurant,3.2050732,101.7359802,KJ3 Wangsa Maju,458.3
KE0268,V2 Cyber Cafe,Other,Internet Cafe,3.2053851,101.7356718,KJ3 Wangsa Maju,419.8
KE0269,Restoran Barakath Noor,Food,Restaurant,3.2049305,101.7361492,KJ3 Wangsa Maju,479.6
KE0270,Pizza Hut,Food,Restaurant,3.204745,101.736339,KJ3 Wangsa Maju,504.4
KE0271,NZ Curry House,Food,Restaurant,3.1596785,101.7096116,KJ10 KLCC,419.6
KE0272,Starbucks,Food,Cafe,3.1618193,101.7118462,KJ10 KLCC,332.1
KE0273,Orchid,Food,Restaurant,3.1628113,101.7134663,KJ10 KLCC,396.5
KE0274,Secret Garden,Food,Cafe,3.1635886,101.7134608,KJ10 KLCC,482.9
KE0275,Banyan Cafe & Restaurant,Food,Restaurant,3.1635254,101.7137249,KJ10 KLCC,477.4
KE0276,Sassorosso,Food,Restaurant,3.1637372,101.7141646,PY20 Ampang Park,478.3
KE0277,Maya Mess,Food,Restaurant,3.1319348,101.6869027,MR1 KL Sentral (Monorail),138.8
KE0278,Quizinn Foodcourt,Food,Restaurant,3.1336019,101.6872045,KJ15 KL Sentral,95.2
KE0279,Community Hall,Other,Community Centre,3.204048,101.7357161,KJ3 Wangsa Maju,463.2
KE0280,Little Penang Kafe,Food,Restaurant,3.1583668,101.7127791,KJ10 KLCC,117.6
KE0281,Onsemiro,Food,Restaurant,3.1613579,101.7202036,KJ9 Ampang Park,187.9
KE0283,espressolab,Food,Cafe,3.1277128,101.6787226,KJ16 Bangsar,43.9
KE0284,RGB & the Beanhive,Food,Cafe,3.1647891,101.7189118,PY20 Ampang Park,354.8
KE0285,Legend's Claypot Briyani House,Food,Restaurant,3.1308645,101.6868947,MR1 KL Sentral (Monorail),234
KE0286,Grizzly,Food,Cafe,3.1615298,101.7201804,KJ9 Ampang Park,200.9
KE0287,SOULed OUT,Food,Restaurant,3.1600566,101.7226479,KJ9 Ampang Park,397.7
KE0288,Sin Kiew Yee Shin Kee Beef Noodles,Food,Restaurant,3.1450869,101.6969606,KG16 Pasar Seni,306
KE0289,Husen Cafe,Food,Restaurant,3.1330377,101.688918,MR1 KL Sentral (Monorail),121.9
KE0290,Swood Smokehouse,Food,Restaurant,3.1643619,101.7147838,PY20 Ampang Park,459.3
KE0291,Ubi Kayu,Food,Restaurant,3.0457422,101.5861306,KJ32 Taipan,503.9
KE0292,Teppanyaki,Food,Cafe,3.1595514,101.7138514,KJ10 KLCC,63.6
KE0293,KFC,Food,Fast Food,3.159344,101.7138814,KJ10 KLCC,58.2
KE0294,Peter's Pork Noodle,Food,Fast Food,3.131268,101.6866063,MR1 KL Sentral (Monorail),214.5
KE0295,Jam and Kaya Café,Food,Cafe,3.1012078,101.6463671,KJ20 Taman Jaya,337.8
KE0296,Emporium Makan,Food,Food Court,3.1006958,101.6459856,KJ20 Taman Jaya,381.3
KE0297,Mandala,Food,Restaurant,3.1474897,101.6957447,AG7 SP7 KJ13 Masjid Jamek,227.6
KE0298,Singh Chapati House,Food,Restaurant,3.1318309,101.6875793,MR1 KL Sentral (Monorail),105.1
KE0299,River of Life,Other,Viewpoint,3.1472253,101.695192,AG7 SP7 KJ13 Masjid Jamek,280.6
KE0300,Soong Kee Beef Noodle Lao You Ji Porridge,Food,Restaurant,3.1472562,101.6967965,AG7 SP7 KJ13 Masjid Jamek,242.1
KE0301,ABC Bistro Cafe,Food,Restaurant,3.1326357,101.6877913,MR1 KL Sentral (Monorail),13.5
KE0302,Canteloupe,Food,Restaurant,3.1583924,101.7178846,PY21 Persiaran KLCC,173.1
KE0303,KFC,Food,Fast Food,3.0832596,101.5876535,KD09 Subang Jaya,150.5
KE0304,Starbucks,Food,Cafe,3.084487,101.5837429,KJ28 Subang Jaya,395.8
KE0305,Limapulo: Baba Can Cook,Food,Restaurant,3.1582712,101.6995656,KJ12 Dang Wangi,323.8
KE0306,Payung Cafe,Food,Restaurant,3.1426579,101.6936549,KJ14 Pasar Seni,185
KE0307,Foodle,Food,Restaurant,3.1437733,101.69581,KJ14 Pasar Seni,158.7
KE0308,Starbucks,Food,Cafe,3.1273536,101.6787237,KJ16 Bangsar,34.5
KE0309,Aeon Food Court,Food,Food Court,3.0832822,101.5883607,KD09 Subang Jaya,179
KE0310,Golden Screen Cinemas,Entertainment,Cinema,3.0829133,101.5858047,KD09 Subang Jaya,259.5
KE0311,GSC Mid Valley,Entertainment,Cinema,3.118552,101.6776086,KD01 Abdullah Hukum,483.3
KE0312,Starbucks,Food,Cafe,3.11788,101.6769123,KD01 Abdullah Hukum,419.3
KE0313,Starbucks,Food,Cafe,3.1183585,101.6759801,KD01 Abdullah Hukum,306.5
KE0314,Subway,Food,Fast Food,3.1281096,101.6786085,KJ16 Bangsar,86.3
KE0315,KFC,Food,Fast Food,3.1128938,101.6628318,KJ19 Universiti,222.6
KE0316,Starbucks,Food,Cafe,3.1192623,101.6668635,KJ18 Kerinchi,457
KE0317,Starbucks,Food,Cafe,3.1595318,101.700243,KJ12 Dang Wangi,371.2
KE0318,Subway,Food,Fast Food,3.1541264,101.69895,KJ12 Dang Wangi,446.3
KE0319,DBKL Food court,Food,Food Court,3.1306556,101.6873742,MR1 KL Sentral (Monorail),237.3
KE0320,KFC,Food,Fast Food,3.1989926,101.5942772,PY05 Damansara Damai,174.5
KE0321,Ho Kow Hainam Kopitiam,Food,Cafe,3.1413488,101.6976799,KG16 Pasar Seni,194.8
KE0322,Starbucks,Food,Cafe,3.1334558,101.6869574,KJ15 KL Sentral,87.8
KE0324,Sweet Potato Balls Petaling Street,Food,Fast Food,3.1445184,101.6980566,KG16 Pasar Seni,305.1
KE0325,Kim Soya Bean,Food,Fast Food,3.1443381,101.6976014,KG16 Pasar Seni,258.5
KE0326,Limkee Cafe,Food,Cafe,3.1438163,101.698569,KG16 Pasar Seni,297.1
KE0327,Sunrise Roast Duck,Food,Restaurant,3.1084769,101.6226564,KJ22 Taman Paramount,423.8
KE0328,Bubble Bee Cafe,Food,Cafe,3.1416868,101.69789,KG16 Pasar Seni,195.4
KE0329,Nine Dragon Char Chan Teng,Food,Restaurant,3.1416107,101.6980586,KG16 Pasar Seni,215.9
KE0330,Leaf & Co,Food,Cafe,3.1429152,101.6987455,KG16 Pasar Seni,278.2
KE0331,Roast Duck Rice,Food,Restaurant,3.0996661,101.6444676,KJ20 Taman Jaya,497.4
KE0332,Warung Wok,Food,Restaurant,3.136207,101.6908704,MR1 KL Sentral (Monorail),510.6
KE0333,Gavel Coffee Kitchen Craft beers,Food,Cafe,3.1576657,101.7002815,KJ12 Dang Wangi,221.1
KE0334,Starbucks,Food,Cafe,3.0861636,101.5866104,KJ28 Subang Jaya,160.6
KE0335,Tealive,Food,Cafe,3.0829449,101.587687,KD09 Subang Jaya,185.6
KE0336,Sushi King,Food,Restaurant,3.082777,101.5877212,KD09 Subang Jaya,204.7
KE0337,Tealive,Food,Cafe,3.0822863,101.5858633,KD09 Subang Jaya,309.8
KE0338,Resepi Ayah,Food,Fast Food,3.1452388,101.6979244,KG16 Pasar Seni,362.4
KE0339,Deen Shakila,Food,Restaurant,3.1521256,101.6964494,AG7 SP7 KJ13 Masjid Jamek,302.2
KE0340,Restoran Al Azad,Food,Restaurant,3.1572706,101.7010514,KJ12 Dang Wangi,125
KE0341,Dr.inc,Food,Restaurant,3.1296663,101.6798655,KJ16 Bangsar,263.7
KE0342,Koon Kee Wan Tan Mee,Food,Fast Food,3.1443268,101.697933,KG16 Pasar Seni,279.9
KE0343,ACE Corner,Food,Cafe,3.15753,101.7015343,KJ12 Dang Wangi,106.4
KE0344,Nasi Kandar Mamak Cafe,Food,Restaurant,3.1550506,101.7001763,KJ12 Dang Wangi,276.1
KE0345,Di Naina,Food,Food Court,3.153185,101.6988417,AG7 SP7 KJ13 Masjid Jamek,496.3
KE0346,Restoran Gerak 23,Food,Restaurant,3.1606779,101.7024532,KJ12 Dang Wangi,443.9
KE0347,Kak Mah,Food,Restaurant,3.159144,101.7020013,KJ12 Dang Wangi,270.8
KE0348,Restoran Han Kee,Food,Restaurant,3.143189,101.6985691,KG16 Pasar Seni,267.2
KE0349,Restoran Pik Wah,Food,Restaurant,3.1430023,101.7003727,KG16 Pasar Seni,458
KE0351,Awesome Canteen,Food,Cafe,3.1061434,101.6248759,KJ22 Taman Paramount,247.2
KE0352,Old KL Train Station,Culture,Attraction,3.1397613,101.6933554,KJ14 Pasar Seni,368.1
KE0353,Thai Syok,Food,Fast Food,3.1583052,101.7147683,KJ10 KLCC,187.6
KE0354,Clay Pot Street Food,Food,Fast Food,3.1443937,101.6986453,KG16 Pasar Seni,341.6
KE0355,Plan B 2.0,Food,Cafe,3.1163256,101.6766291,KD01 Abdullah Hukum,468
KE0356,Tong Roast,Food,Fast Food,3.1483908,101.6981785,AG7 SP7 KJ13 Masjid Jamek,221.7
KE0357,Junk Cafe,Food,Restaurant,3.1418364,101.698026,KG16 Pasar Seni,203.3
KE0358,Bacha Coffee,Food,Cafe,3.1573634,101.7129039,KJ10 KLCC,215.6
KE0359,N97,Food,Restaurant,3.1224478,101.6711392,KJ17 Abdullah Hukum,455.9
KE0360,Menara Kuala Lumpur,Culture,Attraction,3.152859,101.7037604,KJ12 Dang Wangi,469.4
KE0361,Golden Screen Cinemas (GSC) NU Sentral,Entertainment,Cinema,3.1329599,101.6868543,MR1 KL Sentral (Monorail),114.9
KE0362,Fuel Shack,Food,Fast Food,3.1595146,101.6999509,KJ12 Dang Wangi,387.9
KE0363,Fuel Shack,Food,Fast Food,3.1574254,101.7120746,KJ10 KLCC,248.2
KE0365,Breakfast Spot Petaling Street,Food,Cafe,3.1412978,101.6980874,KG16 Pasar Seni,235.3
KE0366,define:food,Food,Restaurant,3.118256,101.6765064,KD01 Abdullah Hukum,366
KE0367,NY Burger co,Food,Restaurant,3.1186119,101.6780282,KD01 Abdullah Hukum,529.4
KE0368,Ra-Ft Café/Bistro,Food,Cafe,3.1587416,101.7174746,PY21 Persiaran KLCC,220.8
KE0369,Station Cafe,Food,Cafe,3.1379878,101.6875075,KL Sentral,430.4
KE0370,La Juiceria Superfoods Signature,Food,Restaurant,3.1258083,101.6751925,KJ16 Bangsar,462.4
KE0371,Basher Bistro,Food,Restaurant,3.1485209,101.6969518,AG7 SP7 KJ13 Masjid Jamek,112.7
KE0372,Starbucks,Food,Cafe,3.1585907,101.7139814,KJ10 KLCC,99.9
KE0373,Vintage 1988,Food,Cafe,3.1428583,101.6985774,KG16 Pasar Seni,258.7
KE0374,MTR,Food,Restaurant,3.1315324,101.6872737,MR1 KL Sentral (Monorail),148.7
KE0375,I'dahlia Corner,Food,Restaurant,3.1527478,101.7187295,PY21 Persiaran KLCC,461.7
KE0376,Mixue,Food,Cafe,3.1437953,101.6987392,KG16 Pasar Seni,312.2
KE0377,Marini's on 57 - Restaurant,Food,Restaurant,3.1564119,101.7114703,KJ10 KLCC,379.1
KE0378,Texas Chicken,Food,Fast Food,3.1455387,101.6974356,KG16 Pasar Seni,369.6
KE0379,Svago,Food,Restaurant,3.1565064,101.7122399,KJ10 KLCC,329.4
KE0380,Dome,Food,Restaurant,3.1567111,101.7122161,KJ10 KLCC,309.5
KE0381,Petronas Towers Viewpoint #1,Other,Viewpoint,3.1589465,101.710888,KJ10 KLCC,277.2
KE0382,Vege Life Cafe,Food,Restaurant,3.1134446,101.6045043,KJ24 Kelana Jaya,110.2
KE0383,Highland Viet Cafe,Food,Restaurant,3.1137647,101.6026228,KJ24 Kelana Jaya,254.1
KE0384,Santa,Food,Restaurant,3.1491897,101.6981131,AG7 SP7 KJ13 Masjid Jamek,185
KE0385,KLCG,Food,Restaurant,3.1470648,101.6956828,AG7 SP7 KJ13 Masjid Jamek,274.5
KE0386,Lilibet Cafe,Food,Cafe,3.1492319,101.6981482,AG7 SP7 KJ13 Masjid Jamek,188.3
KE0387,Sin Hoy How,Food,Cafe,3.1492705,101.6981838,AG7 SP7 KJ13 Masjid Jamek,191.9
KE0388,Jokopi,Food,Cafe,3.1493576,101.6982538,AG7 SP7 KJ13 Masjid Jamek,199.1
KE0389,Sushi Zanmai,Food,Restaurant,3.1332558,101.6866541,KJ15 KL Sentral,96.3
KE0390,Mansion Tea Stall,Food,Restaurant,3.1519935,101.6974231,AG7 SP7 KJ13 Masjid Jamek,306.7
KE0391,Syed Bistro,Food,Restaurant,3.1565574,101.699183,KJ12 Dang Wangi,316.2
KE0392,Chinese Hawker Centre,Food,Food Court,3.1330606,101.6892872,MR1 KL Sentral (Monorail),162.2
KE0393,ABC One Bistro Banana Leaf 24 Hrs,Food,Restaurant,3.1322493,101.688077,MR1 KL Sentral (Monorail),58.7
KE0394,Chinese Food & Baos,Food,Restaurant,3.1327782,101.688946,MR1 KL Sentral (Monorail),120.3
KE0395,Jai Hind,Food,Restaurant,3.1510496,101.6960037,AG7 SP7 KJ13 Masjid Jamek,189.5
KE0396,Aachi Mess,Food,Restaurant,3.1346109,101.6918461,MR1 KL Sentral (Monorail),489
KE0397,Starbucks,Food,Cafe,3.1322045,101.6865178,MR1 KL Sentral (Monorail),160.6
KE0398,Bean Brothers,Food,Cafe,3.1597975,101.7210678,KJ9 Ampang Park,224.9
KE0400,Bunn Choon,Food,Cafe,3.1413522,101.6976066,KG16 Pasar Seni,188.2
KE0401,Unnamed,Food,Restaurant,3.2207505,101.7207688,KJ2 Taman Melati,182.7
KE0402,illy Cafe,Food,Cafe,3.1582947,101.712402,KJ10 KLCC,150.6
KE0403,Vinny Jeyaa,Food,Restaurant,3.1432525,101.6958615,KG16 Pasar Seni,104.3
KE0404,Salad Atelier (L2),Food,Restaurant,3.1595781,101.7134915,KJ10 KLCC,39.4
KE0405,Wrap n'go,Food,Restaurant,3.144794,101.695847,KG16 Pasar Seni,268.8
KE0406,Mingle Cafe,Food,Cafe,3.1429692,101.6987448,KG16 Pasar Seni,279.4
KE0407,Anwar Maju,Food,Restaurant,2.995257,101.5743186,SP31 KJ37 Putra Heights,165.3
KE0408,Lucky Loke,Food,Restaurant,3.1093454,101.6117017,KJ23 Taman Bahagia,187.5
KE0409,Stadium Negara,Food,Restaurant,3.1621649,101.7135696,KJ10 KLCC,325.3
KE0410,Starbucks,Food,Cafe,3.1593184,101.7140585,KJ10 KLCC,77.3
KE0411,Auditorium Bandaraya,Entertainment,Theatre,3.1526263,101.6941271,AG7 SP7 KJ13 Masjid Jamek,441.9
KE0412,LFS Cinema @ Coliseum,Entertainment,Cinema,3.15344,101.6964564,AG7 SP7 KJ13 Masjid Jamek,448.4
KE0413,Coliseum Cafe & Hotel Jln Tuanku Abdul Rahman,Food,Restaurant,3.1536296,101.6964577,AG7 SP7 KJ13 Masjid Jamek,469.5
KE0421,Tar Boosh,Food,Restaurant,3.1333137,101.6883467,MR1 KL Sentral (Monorail),84
KE0422,Joloko,Food,Restaurant,3.1573645,101.700583,KJ12 Dang Wangi,176.1
KE0423,Petaling Street Asam Laksa,Food,Fast Food,3.1437143,101.6976447,KG16 Pasar Seni,208.4
KE0424,Gerai Pak Hassan (breakfast roti),Food,Restaurant,3.1597377,101.7021571,KJ12 Dang Wangi,337.1
KE0425,Warong Che Senah Streetfood,Food,Restaurant,3.160469,101.7023813,KJ12 Dang Wangi,419.9
KE0426,Warong Old China,Food,Restaurant,3.144946,101.6967095,KG16 Pasar Seni,285
KE0427,Kafei Dian,Food,Restaurant,3.1416022,101.6969755,KG16 Pasar Seni,118.4
KE0428,Tapestry,Food,Restaurant,3.157295,101.7002347,KJ12 Dang Wangi,209.4
KE0429,Pizzeria Dihyang,Food,Restaurant,3.157654,101.7005241,KJ12 Dang Wangi,197.2
KE0430,Street Food,Food,Restaurant,3.1566506,101.7011669,KJ12 Dang Wangi,95.7
KE0431,Wu Li Tou Drunken Clam Noodle,Food,Restaurant,3.1447602,101.6986851,KG16 Pasar Seni,372.3
KE0432,Saba Restaurant,Food,Restaurant,3.1751209,101.7347145,KJ5 Setiawangsa,147.1
KE0433,Rccg Power Dose Usj 21,Other,Community Centre,3.025112,101.5812198,KJ34 USJ21,518
KE0434,Kampung Xpress,Food,Fast Food,3.199024,101.7374218,KJ4 Sri Rampai,10.8
KE0435,Crispy Pork Noodles Soup,Food,Restaurant,3.1434742,101.6985467,KG16 Pasar Seni,276.8
KE0436,Mr. Naan & Ms. Idly,Food,Restaurant,3.1313,101.6861402,MR1 KL Sentral (Monorail),249
KE0437,Agriya Bhavan,Food,Restaurant,3.1308115,101.6855834,MR1 KL Sentral (Monorail),331.3
KE0438,Domino's,Food,Fast Food,3.1320715,101.687874,MR1 KL Sentral (Monorail),73.5
KE0439,Hokkien Dim Sum,Food,Restaurant,3.1137023,101.6115537,KJ23 Taman Bahagia,358.6
KE0440,Hainanese Restaurant,Food,Restaurant,3.1143944,101.612542,KJ23 Taman Bahagia,412
KE0441,OldTown White Coffee,Food,Cafe,3.047565,101.5862532,KJ32 Taipan,434.1
KE0442,Mala Tang Jalan Sultan,Food,Restaurant,3.1432363,101.6987369,KG16 Pasar Seni,286.6
KE0443,1919,Food,Restaurant,3.1620051,101.7132401,KJ10 KLCC,307
KE0444,Ching Ching by Pandan Republic,Food,Cafe,3.14161,101.6975691,KG16 Pasar Seni,168.1
KE0445,The Hungry Tapir,Food,Restaurant,3.1417953,101.6977197,KG16 Pasar Seni,173.2
KE0446,Muzium Seni Kraf Orang Asli,Culture,Museum,3.1377468,101.6885316,KL Sentral,452.9
KE0447,Zibo Barbecue,Food,Restaurant,3.1633739,101.7148934,PY20 Ampang Park,387.9
KE0448,The Castle,Food,Restaurant,3.1634055,101.7163928,PY20 Ampang Park,255.7
KE0449,Pik Wah Restaurant Chinwoo Stadium KL,Food,Restaurant,3.1414372,101.6988598,KG16 Pasar Seni,305.5
KE0450,Restoran Telawi,Food,Restaurant,3.1429839,101.6934641,KJ14 Pasar Seni,213.4
KE0451,RUANG by Think City,Other,Community Centre,3.1467854,101.6960552,AG7 SP7 KJ13 Masjid Jamek,295
KE0452,Starbucks,Food,Cafe,3.1470564,101.6995006,AG7 SP7 KJ13 Masjid Jamek,426.9
KE0453,Da Chi Ba Fang Restaurant,Food,Restaurant,3.162407,101.7150173,PY20 Ampang Park,337.1
KE0454,House of Patin Lipis di KL,Food,Restaurant,3.1645398,101.7150285,PY20 Ampang Park,452.1
KE0455,Sassolino,Food,Restaurant,3.1609073,101.7116101,KJ10 KLCC,268.5
KE0456,The Mayang,Food,Restaurant,3.1604241,101.7112644,KJ10 KLCC,267.6
KE0457,The 19th Suzuki Hanten,Food,Restaurant,3.1640364,101.7140759,PY20 Ampang Park,503.1
KE0458,Les Bouchons,Food,Restaurant,3.1604202,101.7112844,KJ10 KLCC,265.4
KE0459,Havelly,Food,Restaurant,3.1644377,101.7154824,PY20 Ampang Park,408.6
KE0460,The Wildflowers,Food,Restaurant,3.1413471,101.6979047,KG16 Pasar Seni,215.2
KE0461,Asia Street Food Club,Food,Restaurant,3.1414748,101.6979021,KG16 Pasar Seni,207.5
KE0462,Nasi Ayam Kam Kee,Food,Restaurant,3.1430781,101.6985707,KG16 Pasar Seni,263.7
KE0463,Coconut Hub,Food,Cafe,3.1429806,101.6985783,KG16 Pasar Seni,261.7
KE0464,Pau Goreng Lembu Hai Kee,Food,Restaurant,3.1429582,101.6985778,KG16 Pasar Seni,261.1
KE0465,China  Town Seng Kee,Food,Restaurant,3.1433454,101.6985658,KG16 Pasar Seni,273
KE0466,Neighbour Club,Food,Restaurant,3.1439265,101.6985639,KG16 Pasar Seni,303.2
KE0467,Blackbyrd KL,Food,Restaurant,3.1547785,101.7185385,PY21 Persiaran KLCC,235.8
KE0468,Beauty In The Pot,Food,Restaurant,3.1192049,101.6756997,KD01 Abdullah Hukum,272.8
KE0469,Domino's,Food,Fast Food,3.1751886,101.734794,KJ5 Setiawangsa,135.8
KE0470,SSTWO Kopitiam,Food,Restaurant,3.1115314,101.6112266,KJ23 Taman Bahagia,189.8
KE0471,Nobu,Food,Restaurant,3.156574,101.7112694,KJ10 KLCC,377.5
KE0472,Ipoh Road Yong Tow Foo,Food,Restaurant,3.1116676,101.6115086,KJ23 Taman Bahagia,172.4
KE0474,JM Bariani House,Food,Restaurant,3.0646824,101.5857942,KJ30 SS18,264.4
KE0475,KFC,Food,Fast Food,3.0069043,101.5693396,KJ36 Subang Alam,430.4
KE0476,Texas Chicken,Food,Fast Food,3.2179322,101.718643,KJ2 Taman Melati,399.4
KE0477,Sate Kajang Retro,Food,Restaurant,3.0478201,101.5926201,KJ32 Taipan,273.9
KE0478,KFC,Food,Fast Food,3.0302778,101.5837345,KJ34 USJ21,222.2
KE0479,Restoran Seri Badar,Food,Restaurant,3.0383841,101.5884579,KJ33 Wawasan,372.5
KE0481,McDonald's,Food,Fast Food,3.1612386,101.7200459,KJ9 Ampang Park,166.4
KE0482,Medifoods,Food,Cafe,3.1112813,101.6669854,KJ18 Kerinchi,497
KE0483,Tedboy,Food,Cafe,3.1118724,101.6672373,KJ18 Kerinchi,425.7
KE0484,Ayam Penyet Best Station,Food,Restaurant,3.1118647,101.6681588,KJ18 Kerinchi,404.8
KE0485,ZUS Coffee,Food,Cafe,3.1118589,101.6683486,KJ18 Kerinchi,404
KE0486,Suria FoodCourt,Food,Food Court,3.112749,101.6679506,KJ18 Kerinchi,310.7
KE0489,Restoran Chiew Soon,Food,Food Court,3.2062124,101.7334967,KJ3 Wangsa Maju,183.6
KE0490,Starbucks,Food,Cafe,3.1015326,101.6403656,KJ21 Asia Jaya,428.7
KE0493,Secret Recipe,Food,Fast Food,3.1047481,101.6469014,KJ20 Taman Jaya,192
KE0494,Subway,Food,Fast Food,3.1045582,101.6473427,KJ20 Taman Jaya,231.8
KE0495,Starbucks,Food,Cafe,3.1044673,101.647453,KJ20 Taman Jaya,241.6
KE0496,Utara,Food,Restaurant,3.1040239,101.640769,KJ21 Asia Jaya,338.9
KE0497,McDonald's,Food,Fast Food,3.0999774,101.6430143,KJ20 Taman Jaya,520.8
KE0498,McCafé,Food,Cafe,3.0999459,101.6430395,KJ20 Taman Jaya,522.5
KE0499,The Alley,Food,Cafe,3.2045254,101.7365697,KJ3 Wangsa Maju,535.1
KE0500,Secret Recipe,Food,Fast Food,3.1000813,101.6455413,KJ20 Taman Jaya,443
KE0501,Wok It,Food,Restaurant,3.1280705,101.6785915,KJ16 Bangsar,83.7
KE0502,He & She Coffee,Food,Cafe,3.1583434,101.7012301,KJ12 Dang Wangi,202.1
KE0503,KFC,Food,Fast Food,3.1597669,101.6998636,KJ12 Dang Wangi,416.3
KE0504,Uncle Don's,Food,Restaurant,3.1594933,101.7007108,KJ12 Dang Wangi,342.4
KE0506,Starbucks,Food,Cafe,3.1191988,101.6740676,KD01 Abdullah Hukum,96.4
KE0507,Historical Museum of Traditional Chinese Medicine in Malaysia,Culture,Museum,3.1433007,101.70001,KG16 Pasar Seni,424.6
KE0509,Light Capture,Food,Cafe,3.1470874,101.6964416,AG7 SP7 KJ13 Masjid Jamek,258
KE0510,Secret Recipe,Food,Fast Food,3.1465137,101.695766,AG7 SP7 KJ13 Masjid Jamek,330.9
KE0512,GEM Restaurant,Food,Restaurant,3.1324172,101.6874178,MR1 KL Sentral (Monorail),60.7
KE0513,Pizza Hut,Food,Restaurant,3.1773755,101.7385302,KJ5 Setiawangsa,345.4
KE0514,Tealive,Food,Cafe,3.1773664,101.738731,KJ5 Setiawangsa,364
KE0515,Starbucks,Food,Cafe,3.1131567,101.6653664,KJ18 Kerinchi,433.5
KE0516,KFC,Food,Fast Food,3.1072873,101.6399379,KJ21 Asia Jaya,407.7
KE0518,Raw Kitchen Hall,Food,Restaurant,3.1442195,101.6964684,KG16 Pasar Seni,201.3
KE0519,Brew & Bread,Food,Cafe,3.1599849,101.716849,PY20 Ampang Park,231.7
KE0520,Happy Sambodi,Food,Restaurant,3.1482274,101.6976858,AG7 SP7 KJ13 Masjid Jamek,189
KE0521,Petrosains,Culture,Museum,3.1575283,101.7118699,KJ10 KLCC,253.2
KE0522,Isetan Food Market,Food,Food Court,3.1575115,101.7131314,KJ10 KLCC,194.7
KE0523,Silva’s Curry House,Food,Restaurant,3.0815878,101.591009,KD09 Subang Jaya,519.6
KE0524,Nasi Kandar Rasmeena,Food,Restaurant,3.1281193,101.6792333,KJ16 Bangsar,78.1
KE0526,Fathima,Food,Restaurant,3.127602,101.677553,KJ16 Bangsar,163.6
KE0528,ROTI By d'Tandoor,Food,Restaurant,3.1632492,101.7248448,KJ8 Damai,144.5
KE0529,Mamu Heritage,Food,Restaurant,3.1306673,101.6831676,KJ15 KL Sentral,533.6
KE0530,President Curry House,Food,Restaurant,3.1511773,101.6958946,AG7 SP7 KJ13 Masjid Jamek,206.6
KE0531,Food Court - Wisma BSN,Food,Food Court,3.1576921,101.7100444,KJ10 KLCC,407.3
KE0532,Tealive,Food,Cafe,3.1469975,101.6960343,AG7 SP7 KJ13 Masjid Jamek,272.1
KE0533,McDonald's,Food,Fast Food,3.1570893,101.7112182,KJ10 KLCC,338.3
KE0534,Pak Ya Grill Steakhouse (Cheap and Tasty),Food,Cafe,3.1760693,101.7376311,KJ5 Setiawangsa,197.2
KE0535,Jamboo,Food,Cafe,3.1490357,101.6979719,AG7 SP7 KJ13 Masjid Jamek,172.8
KE0536,"Nosh, Tipple & Brew",Food,Cafe,3.1502496,101.698034,AG7 SP7 KJ13 Masjid Jamek,198.2
KE0537,Kenny Hills Bistro,Food,Cafe,3.1585626,101.7139021,KJ10 KLCC,96.6
KE0538,Thai Bro,Food,Restaurant,3.1568488,101.7004174,KJ12 Dang Wangi,179.4
KE0539,Queen B,Food,Restaurant,3.1569014,101.7004305,KJ12 Dang Wangi,178.6
KE0540,Woo Pin 45 Kamunting,Food,Restaurant,3.1574207,101.7005928,KJ12 Dang Wangi,177.8
KE0541,Kingu Kongu,Food,Restaurant,3.157861,101.7008842,KJ12 Dang Wangi,180.3
KE0542,103 Coffee,Food,Cafe,3.1578645,101.7008259,KJ12 Dang Wangi,185.2
KE0543,Osteria Gamberoni,Food,Restaurant,3.1578645,101.7004523,KJ12 Dang Wangi,217
KE0544,Kooky Plate,Food,Restaurant,3.1576739,101.7004075,KJ12 Dang Wangi,209.4
KE0545,Heritage Pizza KL,Food,Restaurant,3.1575604,101.6995661,KJ12 Dang Wangi,289.2
KE0546,Kwong Cheung Loong,Food,Cafe,3.1577784,101.6995832,KJ12 Dang Wangi,296.3
KE0547,Yarl,Food,Restaurant,3.157459,101.6995649,KJ12 Dang Wangi,285.8
KE0548,Bricks and Bread KL,Food,Restaurant,3.1570675,101.7001789,KJ12 Dang Wangi,209
KE0549,Wagyu Master Malaysia,Food,Restaurant,3.1569717,101.7001506,KJ12 Dang Wangi,210.4
KE0550,Restoran Al Rizwan,Food,Restaurant,3.149872,101.6971959,AG7 SP7 KJ13 Masjid Jamek,96.6
KE0551,Burger King,Food,Fast Food,3.1497162,101.6970109,AG7 SP7 KJ13 Masjid Jamek,70
KE0552,RK Nabilaa Maju,Food,Restaurant,3.1298101,101.6805721,KJ16 Bangsar,314
KE0553,Unnamed,Food,Fast Food,3.1521937,101.6943274,AG7 SP7 KJ13 Masjid Jamek,390
KE0554,Common Grind,Food,Cafe,3.1580265,101.699538,KJ12 Dang Wangi,312.8
KE0555,Samudra Patin,Food,Restaurant,3.1602651,101.7023632,KJ12 Dang Wangi,397.2
KE0556,Restoran Kak Yah,Food,Restaurant,3.1606901,101.7021307,KJ12 Dang Wangi,442.8
KE0557,Mee Tarik Jalan Sultan,Food,Restaurant,3.1428928,101.6985779,KG16 Pasar Seni,259.5
KE0558,Cafe : In House,Food,Cafe,3.1589302,101.705011,KJ12 Dang Wangi,413.2
KE0559,MTR 1924,Food,Restaurant,3.1315765,101.6873811,MR1 KL Sentral (Monorail),139.3
KE0560,ZUS Coffee,Food,Cafe,3.1485676,101.6970139,AG7 SP7 KJ13 Masjid Jamek,111.8
KE0561,Tealive,Food,Cafe,3.148418,101.6971635,AG7 SP7 KJ13 Masjid Jamek,134.9
KE0562,Anak Baba @ Brickfields,Food,Restaurant,3.1328085,101.6901846,MR1 KL Sentral (Monorail),257.8
KE0563,La Terrazu,Food,Cafe,3.1535225,101.6949011,AG7 SP7 KJ13 Masjid Jamek,489.2
KE0564,Niko Neko Matcha 2.0 (Chinatown),Food,Cafe,3.1428009,101.6964143,KG16 Pasar Seni,44.8
KE0565,Flaon,Food,Cafe,3.1436231,101.6966836,KG16 Pasar Seni,141
KE0567,Jamaica Blue,Food,Cafe,3.1138274,101.6654001,KJ18 Kerinchi,390.2
KE0568,Food City,Food,Food Court,3.1135766,101.6653115,KJ18 Kerinchi,412.5
KE0569,Subway,Food,Fast Food,3.1137118,101.6630904,KJ19 Universiti,180
KE0570,Unnamed,Other,Viewpoint,3.1477472,101.6951138,AG7 SP7 KJ13 Masjid Jamek,237.6
KE0571,Luciano's Italian Street Food,Food,Restaurant,3.1583748,101.7150572,KJ10 KLCC,211.3
KE0572,Warung Wok,Food,Restaurant,3.1582978,101.7150958,KJ10 KLCC,219.1
KE0573,Nasi Kandar Ibramsha,Food,Restaurant,3.1527239,101.6961912,AG7 SP7 KJ13 Masjid Jamek,370
KE0574,KFC,Food,Fast Food,3.1273496,101.6784935,KJ16 Bangsar,59.4
KE0575,Mixue,Food,Cafe,3.1456147,101.695869,KG16 Pasar Seni,358.6
KE0576,OldTown White Coffee,Food,Cafe,3.1197078,101.674166,KD01 Abdullah Hukum,137
KE0577,Boost,Food,Cafe,3.1620646,101.7200211,PY20 Ampang Park,229.7
KE0578,Salad Atelier,Food,Restaurant,3.1611026,101.7203421,KJ9 Ampang Park,179.8
KE0579,Sala,Food,Cafe,3.1596972,101.7137104,KJ10 KLCC,63
KE0580,4Fingers Crispy Chicken,Food,Fast Food,3.1986821,101.742127,KJ4 Sri Rampai,532.4
KE0581,Hometown Hainan Coffee,Food,Cafe,3.1595162,101.70053,KJ12 Dang Wangi,353.7
KE0582,Nasi Kalut Jitra Mai,Food,Restaurant,3.1575596,101.7011414,KJ12 Dang Wangi,136.4
KE0583,Sangeetha,Food,Restaurant,3.1524818,101.6970072,AG7 SP7 KJ13 Masjid Jamek,347.2
KE0584,Manten Omakase,Food,Restaurant,3.1609281,101.7129334,KJ10 KLCC,193
KE0585,Citarassa Cafe,Food,Restaurant,3.1612617,101.70014,KJ12 Dang Wangi,547.9
KE0586,Madia Ikan Singgang,Food,Restaurant,3.1611161,101.7012096,KJ12 Dang Wangi,498.4
KE0587,Yun Xiang Mee Tarik,Food,Restaurant,3.1450092,101.6986786,KG16 Pasar Seni,391.7
KE0588,Chinatown Cendol,Food,Restaurant,3.1425897,101.6981993,KG16 Pasar Seni,212.9
KE0589,San Francisco Coffee,Food,Cafe,3.1279717,101.6784848,KJ16 Bangsar,82.9
KE0590,Lala Lok Lok,Food,Restaurant,3.1430165,101.6987413,KG16 Pasar Seni,280.2
KE0591,Dunkin',Food,Fast Food,3.1038528,101.6455447,KJ20 Taman Jaya,34.2
KE0592,Taste Of Mumbai Haji Ali,Food,Restaurant,3.1517684,101.6968066,AG7 SP7 KJ13 Masjid Jamek,265.3
KE0593,Abjen Mamak Kitchen,Food,Restaurant,3.1518815,101.697243,AG7 SP7 KJ13 Masjid Jamek,288.5
KE0594,Unnamed,Food,Food Court,3.1529886,101.697506,AG7 SP7 KJ13 Masjid Jamek,414.7
KE0595,Sangeetha Vegetarian Restaurant,Food,Restaurant,3.1525133,101.6969921,AG7 SP7 KJ13 Masjid Jamek,350.3
KE0596,ABC Bistro Cafe,Food,Restaurant,3.1521364,101.6976399,AG7 SP7 KJ13 Masjid Jamek,330.5
KE0597,Karaikudi Chettinadu,Food,Restaurant,3.1534851,101.6980116,AG7 SP7 KJ13 Masjid Jamek,485
KE0598,Adyar Ananda Bhavan,Food,Restaurant,3.1534599,101.697706,AG7 SP7 KJ13 Masjid Jamek,471.3
KE0599,Indian Spices Village,Food,Restaurant,3.1522963,101.6974949,AG7 SP7 KJ13 Masjid Jamek,341.1
KE0600,ZUS Coffee,Food,Cafe,3.1448903,101.6958329,KJ14 Pasar Seni,279
KE0601,Dayang Ros Cafe & Flower Boutique,Food,Cafe,3.1449142,101.6965181,KG16 Pasar Seni,278.8
KE0602,Gong Cha,Food,Cafe,3.1499215,101.6965691,AG7 SP7 KJ13 Masjid Jamek,58.4
KE0603,Yan Wo Seafood Restaurant,Food,Restaurant,3.2014322,101.593143,PY05 Damansara Damai,188.5
KE0604,Restoran Charis,Food,Restaurant,3.1465809,101.6976636,AG7 SP7 KJ13 Masjid Jamek,341.5
KE0605,Restoran Kawan Kawan,Food,Restaurant,3.1474763,101.6969353,AG7 SP7 KJ13 Masjid Jamek,221.1
KE0606,Al Handa Ceylon Tea,Food,Restaurant,3.1527582,101.6981872,AG7 SP7 KJ13 Masjid Jamek,419
KE0607,Hotel De’Grand Orchad,Food,Restaurant,3.1528199,101.6979332,AG7 SP7 KJ13 Masjid Jamek,413.1
KE0608,Deen’s Samosa,Food,Fast Food,3.1527957,101.697576,AG7 SP7 KJ13 Masjid Jamek,396.6
KE0609,Nadia VegeCafe,Food,Restaurant,3.1280026,101.6832173,KJ16 Bangsar,470.2
KE0610,Luck Bros Kopi,Food,Restaurant,3.1413755,101.6974117,KG16 Pasar Seni,170.2
KE0611,Nammaveedu Vasanta Bhava,Food,Restaurant,3.1317459,101.6874984,MR1 KL Sentral (Monorail),117
KE0613,Selly’s Corner,Food,Restaurant,3.1494365,101.6985398,AG7 SP7 KJ13 Masjid Jamek,230.8
KE0614,Khalid’s Biriyani,Food,Restaurant,3.1512995,101.6979391,AG7 SP7 KJ13 Masjid Jamek,266.8
KE0615,"Ali, Muthu & Ah Hock",Food,Restaurant,3.1562183,101.700091,KJ12 Dang Wangi,221.8
KE0616,Sup Haji Abu,Food,Restaurant,3.1563386,101.6998837,KJ12 Dang Wangi,241.5
KE0617,US Pizza,Food,Fast Food,3.1566077,101.6988785,KJ12 Dang Wangi,349.8
KE0618,Restoran Kari Kepala Ikan Dang Wangi,Food,Restaurant,3.1560044,101.7004809,KJ12 Dang Wangi,188.7
KE0619,Noor’s Makan,Food,Restaurant,3.1565837,101.6989323,KJ12 Dang Wangi,343.9
KE0620,Restoran Sup Al-deen,Food,Restaurant,3.1559052,101.7009867,KJ12 Dang Wangi,146
KE0621,Restoran Alam Berkat,Food,Restaurant,3.1566845,101.699435,KJ12 Dang Wangi,287.8
KE0622,Seema Seafood,Food,Restaurant,3.1559971,101.7010264,KJ12 Dang Wangi,136.4
KE0623,Dapor Che Senah,Food,Restaurant,3.1561139,101.701072,KJ12 Dang Wangi,125
KE0624,Thong Kee,Food,Restaurant,3.108399,101.6226539,KJ22 Taman Paramount,415.3
KE0625,LaGula By The Hungry Tapir,Food,Cafe,3.1410523,101.6979269,KG16 Pasar Seni,236.8
KE0626,Salt And Pepper,Food,Restaurant,3.1590703,101.6979236,KJ12 Dang Wangi,525.8
KE0627,KK Seafood,Food,Restaurant,3.1983302,101.590646,PY05 Damansara Damai,296.3
KE0628,Silver Town Restaurant 银都茶餐厅,Food,Restaurant,3.1986393,101.5922189,PY05 Damansara Damai,145.3
KE0629,Uncle Lim’s,Food,Restaurant,3.1092278,101.6220679,KJ22 Taman Paramount,518.2
KE0630,JV Bistro,Food,Restaurant,3.1550378,101.6994353,KJ12 Dang Wangi,342.5
KE0631,Hong Ngek Restaurant,Food,Restaurant,3.1484611,101.6977152,AG7 SP7 KJ13 Masjid Jamek,174.5
KE0632,Domino's,Food,Fast Food,3.1557976,101.700325,KJ12 Dang Wangi,214.4
KE0633,Magpie Garden Cafe,Food,Cafe,3.155155,101.7006393,KJ12 Dang Wangi,231.5
KE0634,SS Spicy Food,Food,Restaurant,3.138955,101.6979968,KG16 Pasar Seni,429.2
KE0635,Transparent Coffee,Food,Cafe,3.138617,101.6973266,KG16 Pasar Seni,438
KE0636,After One Kuala Lumpur,Food,Cafe,3.1618625,101.7134088,KJ10 KLCC,290.9
KE0637,Sri Visalatchis,Food,Restaurant,3.1490146,101.6974506,AG7 SP7 KJ13 Masjid Jamek,118.2
KE0638,4Fingers Crispy Chicken,Food,Fast Food,3.1489817,101.6966514,AG7 SP7 KJ13 Masjid Jamek,51.9
KE0639,Tealive,Food,Cafe,3.0844062,101.5835643,KJ28 Subang Jaya,416.6
KE0640,Pizza Hut,Food,Restaurant,3.1072524,101.6400593,KJ21 Asia Jaya,412.9
KE0641,Petronas Towers Viewpoint #3,Other,Viewpoint,3.1552916,101.7146939,PY21 Persiaran KLCC,412.8
KE0642,Kiseki,Food,Restaurant,3.157652,101.7005682,KJ12 Dang Wangi,193
KE0643,El Cero,Food,Restaurant,3.1576526,101.7006175,KJ12 Dang Wangi,188.4
KE0644,Molina,Food,Restaurant,3.1584037,101.7046635,KJ12 Dang Wangi,348.1
KE0645,Kheng Wah,Food,Restaurant,3.1142667,101.6117071,KJ23 Taman Bahagia,412.9
KE0646,ZUS Coffee,Food,Cafe,3.1147296,101.6113199,KJ23 Taman Bahagia,474.8
KE0647,Lubuk Bangku,Food,Restaurant,3.1316326,101.6779438,KJ16 Bangsar,480.1
KE0648,Domino's,Food,Fast Food,3.145138,101.6986716,KG16 Pasar Seni,401.8
KE0649,Florentine,Food,Restaurant,3.1585964,101.69956,KJ12 Dang Wangi,345.1
KE0650,Cheevit Cheeva,Food,Cafe,3.1579272,101.6995788,KJ12 Dang Wangi,303.7
KE0651,Takebayashi,Food,Restaurant,3.1583184,101.6995665,KJ12 Dang Wangi,326.6
KE0652,Dominic,Food,Restaurant,3.1584065,101.6995664,KJ12 Dang Wangi,332.1
KE0653,Olea,Food,Restaurant,3.1577177,101.6995865,KJ12 Dang Wangi,293.3
KE0654,Aisyah Corner Nasi Campur,Food,Restaurant,3.1580892,101.7011762,KJ12 Dang Wangi,180.2
KE0655,Restoran Mahbub,Food,Restaurant,3.1969181,101.5937915,PY05 Damansara Damai,330.4
KE0656,Tam's Burger-Stor B,Food,Fast Food,3.1980483,101.5942738,PY05 Damansara Damai,243.2
KE0657,DB Sajian Warisan,Food,Restaurant,3.1983368,101.5976346,PY05 Damansara Damai,548.5
KE0658,Hamzah Bistro,Food,Restaurant,3.1984434,101.5942829,PY05 Damansara Damai,211.5
KE0659,Restoran Sahib Maju,Food,Restaurant,3.1976399,101.5940244,PY05 Damansara Damai,266
KE0660,The Cat Who Bakes,Food,Cafe,3.1980944,101.596213,PY05 Damansara Damai,411.3
KE0661,The Gopis,Food,Restaurant,3.1981047,101.5965114,PY05 Damansara Damai,440.6
KE0662,Domino's,Food,Fast Food,3.1974271,101.5939656,PY05 Damansara Damai,284.4
KE0663,Jom Chá,Food,Cafe,3.1980885,101.5963131,PY05 Damansara Damai,421.5
KE0664,Bombay Glitz,Entertainment,Nightclub,3.1578892,101.6998467,KJ12 Dang Wangi,275.4
KE0665,Motta Maadi,Food,Restaurant,3.1567903,101.7004088,KJ12 Dang Wangi,179.9
KE0666,Shugo Sushi Bar,Food,Restaurant,3.1578683,101.7009427,KJ12 Dang Wangi,176.4
KE0667,The Qing,Food,Restaurant,3.1571548,101.7002079,KJ12 Dang Wangi,208
KE0668,White Black Kampong,Food,Restaurant,3.1567033,101.7003947,KJ12 Dang Wangi,181.2
KE0669,Unnamed,Food,Restaurant,3.1573961,101.7002577,KJ12 Dang Wangi,210.8
KE0670,Restoran Warisan,Food,Restaurant,3.1603073,101.7018659,KJ12 Dang Wangi,400.5
KE0671,AoOo Melbourne CAFE,Food,Restaurant,3.1434623,101.6968401,KG16 Pasar Seni,131.3
KE0672,Kejap Food,Food,Fast Food,3.1774275,101.7372685,KJ5 Setiawangsa,242.5
KE0673,Tea Thambi,Food,Cafe,3.1485075,101.6974267,AG7 SP7 KJ13 Masjid Jamek,146.7
KE0674,Kak Zah Ikan Singgang,Food,Restaurant,3.1602235,101.6986716,KJ12 Dang Wangi,539.9
KE0675,Wan Mad Ikan Singgang,Food,Restaurant,3.1602223,101.6987588,KJ12 Dang Wangi,533.2
KE0676,Selera Ramai Ikan Singgang,Food,Restaurant,3.1602073,101.6988493,KJ12 Dang Wangi,525.2
KE0677,Salai-Salai,Food,Restaurant,3.1600786,101.7022593,KJ12 Dang Wangi,375.6
KE0678,Ngopi Ngeteh Cafe,Food,Restaurant,3.1593476,101.702052,KJ12 Dang Wangi,293.4
KE0679,Shiha Zikir Nasi Ayam,Food,Restaurant,3.1611625,101.7006565,KJ12 Dang Wangi,518.1
KE0680,Selera Ramai Ikan Singgang,Food,Restaurant,3.1604389,101.7013594,KJ12 Dang Wangi,421.3
KE0681,Mia Seafood,Food,Restaurant,3.1607991,101.7000009,KJ12 Dang Wangi,507.4
KE0682,The Coffee Bean & Tea Leaf,Food,Cafe,3.1572992,101.7204556,PY21 Persiaran KLCC,269.6
KE0683,Unnamed,Food,Restaurant,3.151898,101.6985701,AG7 SP7 KJ13 Masjid Jamek,362.7
KE0684,Ocam Artisan,Food,Cafe,3.1498818,101.6968325,AG7 SP7 KJ13 Masjid Jamek,66.9
KE0685,Evolution,Food,Restaurant,3.1572552,101.7049392,KJ12 Dang Wangi,329
KE0686,Restoran Gembira Mayang Jaya,Food,Food Court,3.1154208,101.6042896,KJ24 Kelana Jaya,330.7
KE0687,Restoran Mayang Jaya,Food,Food Court,3.1164095,101.604293,KJ24 Kelana Jaya,440.4
KE0688,Uncle Lim Delivery PJ (SeaPark),Food,Restaurant,3.1086061,101.6236467,KJ22 Taman Paramount,437.2
KE0689,Din Sun Kopitiam,Food,Cafe,3.1431636,101.6964682,KG16 Pasar Seni,85.3
KE0690,Makamakan,Food,Restaurant,3.1430564,101.6964513,KG16 Pasar Seni,73.3
KE0691,Karaikudi Chettinadu,Food,Restaurant,3.1491214,101.6973103,AG7 SP7 KJ13 Masjid Jamek,99.5
KE0692,Pappadom,Food,Restaurant,3.1494907,101.6977077,AG7 SP7 KJ13 Masjid Jamek,138.7
KE0693,Hide,Food,Restaurant,3.1567108,101.7060822,KJ12 Dang Wangi,450.2
KE0694,Muzium Tekstil Negara,Culture,Museum,3.1465453,101.6939406,AG7 SP7 KJ13 Masjid Jamek,423.8
KE0695,McDonald's,Food,Fast Food,3.2016235,101.7338709,KJ4 Sri Rampai,478.1
KE0696,Black Canyon,Food,Cafe,3.2017204,101.7339731,KJ4 Sri Rampai,475.5
KE0697,KFC,Food,Fast Food,3.2017888,101.7340832,KJ4 Sri Rampai,470.8
KE0698,Lura,Food,Cafe,3.1605644,101.7184163,KJ9 Ampang Park,88.3
KE0699,Cafe Mesra,Food,Cafe,3.1608641,101.7180533,PY20 Ampang Park,97.5
KE0700,BLVCK Coffee,Food,Cafe,3.1606416,101.7182629,KJ9 Ampang Park,107.2
KE0701,John Burger,Food,Fast Food,3.1323235,101.6881957,MR1 KL Sentral (Monorail),58.6
KE0702,Restoran Teratak Desa Kayangan,Food,Restaurant,3.1323149,101.6884013,MR1 KL Sentral (Monorail),75.6
KE0703,Junior Kupanna,Food,Restaurant,3.1499211,101.697777,AG7 SP7 KJ13 Masjid Jamek,156.9
KE0704,PIDEZZA,Food,Restaurant,3.1136934,101.6632823,KJ19 Universiti,199.5
KE0705,Bisou Bake Shop,Food,Cafe,3.1596957,101.7210156,KJ9 Ampang Park,221.2
KE0706,Gigi Coffee,Food,Cafe,3.1605621,101.7183315,KJ9 Ampang Park,96
KE0707,Monster A Garden Cafe,Food,Cafe,3.1434479,101.6985506,KG16 Pasar Seni,275.9
KE0708,Dodoo Kitchen,Food,Restaurant,3.1432405,101.696661,KG16 Pasar Seni,100.4
KE0709,MyBolehBoleh,Food,Cafe,3.1424558,101.6982093,KG16 Pasar Seni,213.2
KE0710,Restoran Pik Wah,Food,Restaurant,3.1415614,101.6980604,KG16 Pasar Seni,218.5
KE0711,Burger King,Food,Fast Food,3.1338253,101.6864476,KJ15 KL Sentral,32.6
KE0712,I Love Yoo!,Food,Restaurant,3.1980002,101.7420328,KJ4 Sri Rampai,533.9
KE0713,KFC,Food,Fast Food,3.1177504,101.6775734,KD01 Abdullah Hukum,493.9
KE0714,BananaBro,Food,Restaurant,3.1983047,101.7409874,KJ4 Sri Rampai,413.2
KE0715,Bean Jr.,Food,Restaurant,3.1187331,101.6772357,KD01 Abdullah Hukum,440.9
KE0717,Dewakan,Food,Restaurant,3.1547191,101.7185049,PY21 Persiaran KLCC,241.5
KE0718,Restoran Wang Chuang,Food,Restaurant,3.2055042,101.7332889,KJ3 Wangsa Maju,155.7
KE0719,Dunkin',Food,Fast Food,3.1605667,101.7185071,KJ9 Ampang Park,80.5
KE0720,Kaffe 16,Food,Cafe,3.1416978,101.697174,KG16 Pasar Seni,126.7
KE0721,Meat Feds,Food,Restaurant,3.1060874,101.6254676,KJ22 Taman Paramount,297
KE0722,Feng Hotpot,Food,Restaurant,3.1060972,101.6255354,KJ22 Taman Paramount,304
KE0723,Double Three Mixed Rice,Food,Restaurant,3.1060827,101.6256118,KJ22 Taman Paramount,310.5
KE0724,Curry Shokudo,Food,Restaurant,3.1060986,101.6253966,KJ22 Taman Paramount,290.9
KE0725,One Half,Food,Cafe,3.1061238,101.6249942,KJ22 Taman Paramount,256
KE0726,Dunkin',Food,Fast Food,3.1190251,101.6730047,KJ17 Abdullah Hukum,32
KE0727,Burger King,Food,Fast Food,3.1180594,101.6769693,KD01 Abdullah Hukum,420.7
KE0728,McDonald's,Food,Fast Food,3.1162656,101.6765894,KD01 Abdullah Hukum,468.6
KE0729,Pak Abu,Food,Restaurant,3.1160763,101.6686357,KJ18 Kerinchi,67.1
KE0730,ET,Food,Restaurant,3.1603746,101.7040065,KJ12 Dang Wangi,463.1
KE0731,Kedai Mak Fitri,Food,Restaurant,3.1604928,101.703832,KJ12 Dang Wangi,466
KE0732,Oshie,Food,Restaurant,3.1613829,101.70323,KJ12 Dang Wangi,536.6
KE0733,Kampung Attap Corner,Food,Restaurant,3.1386461,101.6969564,KG16 Pasar Seni,425.9
KE0734,Timothy,Food,Restaurant,3.1489119,101.6981113,AG7 SP7 KJ13 Masjid Jamek,191.3
KE0735,Nasi Ayam Mat Sup,Food,Restaurant,3.1991806,101.5922732,PY05 Damansara Damai,94.6
KE0736,Big Apple,Food,Fast Food,3.1964974,101.5929385,PY05 Damansara Damai,362.1
KE0737,Iskandar Bistro,Food,Restaurant,3.1995291,101.5925344,PY05 Damansara Damai,47.9
KE0738,ZUS Coffee,Food,Cafe,3.196969,101.593812,PY05 Damansara Damai,325.7
KE0739,Mapley Banana Leaf,Food,Restaurant,3.1970541,101.593453,PY05 Damansara Damai,306.4
KE0740,Cendol Hawa,Food,Fast Food,3.1956342,101.5916705,PY05 Damansara Damai,478.1
KE0741,Warung Singgah Saudara,Food,Restaurant,3.1607803,101.7044715,KJ12 Dang Wangi,527.8
KE0742,San Francisco Coffee,Food,Cafe,3.1600536,101.7172726,KJ9 Ampang Park,199.2
KE0743,8055 Coffee: H S Lee,Food,Cafe,3.1485924,101.6978284,AG7 SP7 KJ13 Masjid Jamek,176.8
KE0744,Laguna,Food,Restaurant,3.1490159,101.6985932,AG7 SP7 KJ13 Masjid Jamek,240.7
KE0745,Korean Daorae,Food,Restaurant,3.0480545,101.5860615,KJ32 Taipan,455
KE0746,Restoran Al-Ehsan,Food,Restaurant,3.1069621,101.6253019,KJ22 Taman Paramount,344.4
KE0747,Ahma Kopi,Food,Cafe,3.1571809,101.7010209,KJ12 Dang Wangi,123.4
KE0748,Big Boss HSP,Food,Fast Food,3.1493889,101.6982952,AG7 SP7 KJ13 Masjid Jamek,203.7
KE0749,Sunbather Coffee,Food,Cafe,3.1419831,101.6971865,KG16 Pasar Seni,110.7
KE0750,Oh Yeah Banana Leaf,Food,Restaurant,3.1311952,101.6860852,MR1 KL Sentral (Monorail),261.2
KE0751,Sang Kee Restaurant,Food,Restaurant,3.1465807,101.6970818,AG7 SP7 KJ13 Masjid Jamek,321.8
KE0752,Gerai Makanan Sai Kee,Food,Restaurant,3.1437778,101.6981836,KG16 Pasar Seni,259
KE0753,Cilantro,Food,Restaurant,3.1568984,101.7230082,PY21 Persiaran KLCC,548.4
KE0754,Shhhbuuuleee,Food,Restaurant,3.144913,101.6984796,KG16 Pasar Seni,368.9
KE0755,Oloiya,Food,Fast Food,3.1445155,101.6983573,KG16 Pasar Seni,327.3
KE0756,Koong Woh Tong,Food,Fast Food,3.1425994,101.6977245,KG16 Pasar Seni,160.6
KE0757,Bingxue,Food,Cafe,3.1451387,101.6973655,KG16 Pasar Seni,325.3
KE0758,KathyAbu Cafe,Food,Cafe,3.1568312,101.7222893,PY21 Persiaran KLCC,468.5
KE0759,Thalappakatti,Food,Restaurant,3.1322904,101.6872664,MR1 KL Sentral (Monorail),82.6
KE0760,Nando's,Food,Restaurant,3.0822137,101.5851866,KD09 Subang Jaya,363.2
KE0761,Adyar Ananda Bhavan,Food,Restaurant,3.1293032,101.6843167,MR1 KL Sentral (Monorail),548.2
KE0762,Nachiyar,Food,Restaurant,3.1282737,101.6834806,KJ16 Bangsar,503.8
KE0763,Amman Mess,Food,Restaurant,3.1301667,101.6852275,MR1 KL Sentral (Monorail),408.8
KE0764,Ur-Mu Tun HS Lee,Culture,Museum,3.1447038,101.6965097,KG16 Pasar Seni,255.4
KE0765,Wong Mee Coffee Stall,Food,Cafe,3.1440589,101.6961638,KG16 Pasar Seni,183
KE0766,Wan Tan Mee Food Stall,Food,Fast Food,3.144161,101.6981136,KG16 Pasar Seni,280.4
KE0767,Doplohtiga,Food,Cafe,3.1608638,101.7181381,PY20 Ampang Park,98.7
KE0768,Mamak Cafe,Food,Restaurant,3.132481,101.6902046,MR1 KL Sentral (Monorail),261.4
KE0769,KFC,Food,Fast Food,3.1110503,101.5871074,KJ26 Ara Damansara,296.9
KE0770,Tealive,Food,Cafe,3.1430028,101.6952968,KJ14 Pasar Seni,62.9
KE0771,Starbucks,Food,Cafe,3.1164959,101.6762697,KD01 Abdullah Hukum,424.8
KE0772,The Mesh,Food,Restaurant,3.1573818,101.7057055,KJ12 Dang Wangi,415.2
KE0773,Sichuan Kitchen,Food,Restaurant,3.1574495,101.7057507,KJ12 Dang Wangi,421.5
KE0774,Restoran Hening,Food,Restaurant,3.1652465,101.7195291,PY20 Ampang Park,426.5
KE0775,Pucks Coffee,Food,Cafe,3.1436365,101.6969443,KG16 Pasar Seni,153.8
KE0776,Chettinad Mess,Food,Restaurant,3.1496009,101.6978225,AG7 SP7 KJ13 Masjid Jamek,152.7
KE0777,Unnamed,Food,Restaurant,3.149822,101.6978828,AG7 SP7 KJ13 Masjid Jamek,164.4
KE0778,Restoran Ping Wah,Food,Restaurant,3.1069845,101.6239481,KJ22 Taman Paramount,267.7
KE0779,Broom,Food,Cafe,3.1061428,101.6246635,KJ22 Taman Paramount,229.7
KE0780,Restoran Grandpa,Food,Restaurant,3.1067287,101.6249677,KJ22 Taman Paramount,300.3
KE0781,Kantata,Food,Cafe,3.1381477,101.6971818,KG16 Pasar Seni,485
KE0782,Tommy Le Baker,Food,Cafe,3.1379588,101.6971956,KG16 Pasar Seni,505.9
KE0783,China Cultural Centre,Other,Community Centre,3.1562827,101.7052141,KJ12 Dang Wangi,357
KE0784,Box KL,Food,Cafe,3.1479707,101.6976151,AG7 SP7 KJ13 Masjid Jamek,204.8
KE0785,Sri Ganesa,Food,Restaurant,3.1431856,101.6966421,KG16 Pasar Seni,93.9
KE0786,Kopi Saigon,Food,Cafe,3.1477174,101.6978236,AG7 SP7 KJ13 Masjid Jamek,241.3
KE0787,1 Chopati,Food,Restaurant,3.1773039,101.7368634,KJ5 Setiawangsa,205.1
KE0788,Azhar Station,Food,Restaurant,3.1771409,101.736781,KJ5 Setiawangsa,184.9
KE0789,Meraki Jelatek,Food,Cafe,3.1770739,101.7367506,KJ5 Setiawangsa,176.8
KE0790,Ayam Gepuk Pak Gembus,Food,Restaurant,3.1773629,101.7386577,KJ5 Setiawangsa,356.8
KE0791,Kedai Ayamas,Food,Cafe,3.1769673,101.7387502,KJ5 Setiawangsa,346.1
KE0792,Mixue,Food,Cafe,3.1337987,101.6872469,KJ15 KL Sentral,88.3
KE0793,Mixue,Food,Cafe,3.1133664,101.6654084,KJ18 Kerinchi,416.1
KE0794,Gloria Jean's,Food,Cafe,3.1125848,101.6684956,KJ18 Kerinchi,323
KE0795,1901,Food,Fast Food,3.1125834,101.6684381,KJ18 Kerinchi,323.2
KE0796,Yew Yew Coffee,Food,Cafe,3.1434496,101.698736,KG16 Pasar Seni,294.9
KE0797,Umi Omakase,Food,Restaurant,3.1116142,101.6681715,KJ18 Kerinchi,432.4
KE0798,O’Briens,Food,Fast Food,3.1118895,101.6676526,KJ18 Kerinchi,411.1
KE0799,Al Amber,Food,Restaurant,3.1597499,101.711015,KJ10 KLCC,267
KE0800,Gravy Baby,Food,Restaurant,3.1279749,101.6757555,KJ16 Bangsar,367
KE0801,Sagar,Food,Restaurant,3.127653,101.676003,KJ16 Bangsar,335.6
KE0802,Concubine KL,Food,Restaurant,3.1417131,101.6975608,KG16 Pasar Seni,161.4
KE0803,Kee Nguyen,Food,Cafe,3.112751,101.6678461,KJ18 Kerinchi,312.9
KE0804,Ní Kizoku,Food,Restaurant,3.1430666,101.6987828,KG16 Pasar Seni,286.1
KE0805,Kuala Lumpur Tower,Culture,Attraction,3.152664,101.7035782,KJ12 Dang Wangi,481.6
KE0806,National Mosque of Malaysia,Culture,Attraction,3.1419189,101.6920986,KJ14 Pasar Seni,360.8
KE0827,Starbucks,Food,Cafe,3.1272903,101.6777801,KJ16 Bangsar,138.7
KE0828,Salam Noodles,Food,Restaurant,3.128251,101.6782608,KJ16 Bangsar,122.5
KE0829,Restoran Selera,Food,Restaurant,3.1284873,101.6788731,KJ16 Bangsar,116.4
KE0830,Kelab Lucky,Entertainment,Nightclub,3.1643385,101.716293,PY20 Ampang Park,344.5
KE0831,The Coffee Bean & Tea Leaf,Food,Cafe,3.1330634,101.6873885,MR1 KL Sentral (Monorail),64.3
KE0832,HaI Kah Lang,Food,Restaurant,3.1086207,101.6245765,KJ22 Taman Paramount,462.5
KE0833,TGI Fridays,Food,Restaurant,3.158375,101.7124582,KJ10 KLCC,139.9
KE0834,The Canteen Room,Food,Cafe,3.1617497,101.7117551,KJ10 KLCC,330.8
KE0835,TGV,Entertainment,Cinema,3.1571105,101.7119882,KJ10 KLCC,282.6
KE0836,Broasted Chicken King,Food,Restaurant,3.1753676,101.7350212,KJ5 Setiawangsa,104.5
KE0837,Cafe Mesra,Food,Cafe,3.112752,101.6676366,KJ18 Kerinchi,319
KE0838,Guan's,Food,Cafe,3.1109073,101.6033466,KJ24 Kelana Jaya,214.3
KE0839,Kafe Seni,Food,Cafe,3.1133618,101.6666711,KJ18 Kerinchi,311.4
KE0840,An Nam Lush,Food,Restaurant,3.113248,101.6654244,KJ18 Kerinchi,422.3
KE0841,Kubis & Kale,Food,Restaurant,3.1131902,101.6650507,KJ19 Universiti,401.3
KE0842,Majran Baru Narsingdi Restaurant,Food,Restaurant,3.1473451,101.6972772,AG7 SP7 KJ13 Masjid Jamek,246.6
KE0843,Komune Cafe,Food,Cafe,3.1142273,101.665325,KJ18 Kerinchi,378.9
KE0844,Burger King,Food,Fast Food,3.1133451,101.6626741,KJ19 Universiti,171.8
KE0845,Petronas tower viewpoint #5,Other,Viewpoint,3.1549974,101.7153941,PY21 Persiaran KLCC,361.3
KE0846,Petronas towers viewpoint #6,Other,Viewpoint,3.1546379,101.715511,PY21 Persiaran KLCC,375.5
KE0847,Mixue,Food,Cafe,3.1597538,101.7109303,KJ10 KLCC,276.3
KE0848,Neu Xinmin Vegetarian Restaurant,Food,Restaurant,3.1325762,101.6883898,MR1 KL Sentral (Monorail),61
KE0849,Undisclosed Location,Food,Restaurant,3.1098059,101.6033775,KJ24 Kelana Jaya,319.6
KE0850,Bombay Talkies,Food,Restaurant,3.1330428,101.687996,MR1 KL Sentral (Monorail),37.5
KE0851,Pu Xian Wei Restaurant,Food,Restaurant,3.1326652,101.6884843,MR1 KL Sentral (Monorail),69.3
KE0852,Saleem Generation (stall),Food,Fast Food,3.132313,101.6883612,MR1 KL Sentral (Monorail),72.3
KE0853,Al Safina,Food,Restaurant,3.1628157,101.7373399,KJ6 Jelatek,541.9
KE0854,San Francisco Coffee,Food,Cafe,3.1116177,101.6674387,KJ18 Kerinchi,446.2
KE0855,Restoran Munah,Food,Restaurant,3.1121082,101.6625232,KJ19 Universiti,286.2
KE0856,The Chicken Rice Shop,Food,Fast Food,3.112965,101.6626203,KJ19 Universiti,203.4
KE0857,Warung Saffnur,Food,Restaurant,3.1122117,101.6629208,KJ19 Universiti,292.9
KE0858,Kerinchi Food Corner,Food,Restaurant,3.1123584,101.6626329,KJ19 Universiti,264.5
KE0859,Caffeine Craft,Food,Cafe,3.1122606,101.6625834,KJ19 Universiti,272.5
KE0860,Restoran Nabila Corner,Food,Restaurant,3.1168475,101.6676358,KJ18 Kerinchi,178.6
KE0861,Selera D’Kerinchi,Food,Food Court,3.1130849,101.6635763,KJ19 Universiti,264.1
KE0862,Ayam Goreng Kunyit Atok Chan,Food,Restaurant,3.1129279,101.6634968,KJ19 Universiti,268.6
KE0863,Ayam Gepuk Pak Gembus,Food,Restaurant,3.129764,101.6805386,KJ16 Bangsar,307.7
KE0864,San Francisco Coffee,Food,Cafe,3.1137311,101.6627833,KJ19 Universiti,150.5
KE0865,Hulu,Food,Cafe,3.1142658,101.663215,KJ19 Universiti,170.9
KE0866,Hipster Corner,Food,Food Court,3.1210986,101.6733082,KD01 Abdullah Hukum,248.5
KE0867,ZUS Coffee,Food,Cafe,3.1568627,101.7223539,PY21 Persiaran KLCC,475.7
KE0868,Home Secrets Cafe,Food,Restaurant,3.1151145,101.6688026,KJ18 Kerinchi,53.9
KE0869,Kafe Stars,Food,Restaurant,3.1151158,101.6687632,KJ18 Kerinchi,51.1
KE0870,The Servery,Food,Restaurant,3.1151351,101.668386,KJ18 Kerinchi,41.2
KE0871,Big Tree,Food,Food Court,3.1596037,101.7186458,KJ9 Ampang Park,72.8
KE0872,Boost,Food,Fast Food,3.1161069,101.6661891,KJ18 Kerinchi,265.1
KE0873,Gajaa at 8,Food,Restaurant,3.1281293,101.675612,KJ16 Bangsar,385.7
KE0874,Su Xiang Ji,Food,Cafe,3.1424536,101.6972895,KG16 Pasar Seni,111.1
KE0875,Barra,Food,Restaurant,3.1408071,101.6981028,KG16 Pasar Seni,269.4
KE0876,The Hideout @ Petaling,Food,Restaurant,3.140907,101.698092,KG16 Pasar Seni,261.3
KE0877,Pusat Penjaja,Food,Food Court,3.1165546,101.6662637,KJ18 Kerinchi,274.6
KE0878,ZUS Coffee,Food,Cafe,3.115382,101.667623,KJ18 Kerinchi,97.6
KE0879,Gloria Jean's,Food,Cafe,3.1607801,101.7180813,PY20 Ampang Park,107.1
KE0880,Sri Idaman Corner,Food,Restaurant,3.1433076,101.6958215,KG16 Pasar Seni,111.8
KE0881,Coralz,Food,Cafe,3.1526559,101.716237,PY21 Persiaran KLCC,508.5
KE0882,Poolside Bistro,Food,Restaurant,3.1525253,101.7161448,PY21 Persiaran KLCC,525.9
KE0883,Roselle Coffee House,Food,Restaurant,3.1524145,101.7161873,PY21 Persiaran KLCC,535.3
KE0884,UMI,Food,Restaurant,3.1523526,101.7161288,PY21 Persiaran KLCC,544.2
KE0885,SkyDeck,Other,Viewpoint,3.1525657,101.7161564,PY21 Persiaran KLCC,521.3
KE0886,Chagee,Food,Cafe,3.1426784,101.6971151,KG16 Pasar Seni,96.1
KE0887,Pak Ya,Food,Restaurant,3.1163386,101.6679441,KJ18 Kerinchi,112.5
KE0888,Tree Steak House,Food,Restaurant,3.1656978,101.732878,KJ6 Jelatek,321.1
KE0889,Qasioo Kitchen,Food,Restaurant,3.1356147,101.6883363,KJ15 KL Sentral,262.4
KE0890,Gurney's Flavour,Food,Restaurant,3.1357288,101.688066,KL Sentral,246.3
KE0891,La Rica,Food,Restaurant,3.1357844,101.6880967,KL Sentral,253
KE0892,Karak Kare,Food,Restaurant,3.1357554,101.6880107,KL Sentral,243.7
KE0893,Mixue,Food,Cafe,3.1605696,101.7185916,KJ9 Ampang Park,73.7
KE0894,Raflia Vietnam Coffee,Food,Cafe,3.1145698,101.6621452,KJ19 Universiti,49.3
KE0895,HWC Coffee,Food,Cafe,3.1481054,101.6960021,AG7 SP7 KJ13 Masjid Jamek,153.5
KE0896,Dua Darjat,Food,Cafe,3.1463795,101.6953554,AG7 SP7 KJ13 Masjid Jamek,358.4
KE0897,Taste Of Medan,Food,Restaurant,3.1464307,101.6953481,AG7 SP7 KJ13 Masjid Jamek,353.3
KE0898,Pak Jen,Food,Restaurant,3.1465,101.695333,AG7 SP7 KJ13 Masjid Jamek,346.7
KE0899,Makan Buzz,Food,Fast Food,3.14738,101.695031,AG7 SP7 KJ13 Masjid Jamek,275.8
KE0900,Luckin Coffee,Food,Cafe,3.1472816,101.6943538,AG7 SP7 KJ13 Masjid Jamek,332.6
KE0901,Blob,Food,Cafe,3.1464462,101.6957621,AG7 SP7 KJ13 Masjid Jamek,338.3
KE0902,Fifty Three,Entertainment,Nightclub,3.1481156,101.6971519,AG7 SP7 KJ13 Masjid Jamek,162.9
KE0903,Plan B Roasters,Food,Cafe,3.1478253,101.6970122,AG7 SP7 KJ13 Masjid Jamek,186.3
KE0904,Al Baik,Food,Restaurant,3.1456233,101.6984123,KG16 Pasar Seni,427.3
KE0905,Satha’s Corner,Food,Fast Food,3.1478103,101.6971823,AG7 SP7 KJ13 Masjid Jamek,194.8
KE0906,Zada Cafe,Food,Cafe,3.1441135,101.6955674,KJ14 Pasar Seni,188.6
KE0907,Lai Fong Lala Noodles,Food,Restaurant,3.1445988,101.6987064,KG16 Pasar Seni,361.7
KE0908,Mixue,Food,Cafe,3.1973322,101.5939234,PY05 Damansara Damai,292.2
KE0909,Mountbatten,Food,Cafe,3.1482572,101.6976534,AG7 SP7 KJ13 Masjid Jamek,184.1
KE0910,Unnamed,Food,Fast Food,3.1490145,101.6971976,AG7 SP7 KJ13 Masjid Jamek,92.7
KE0911,Team Udon,Food,Restaurant,3.1488446,101.6977952,AG7 SP7 KJ13 Masjid Jamek,160.8
KE0912,Sangeetha,Food,Restaurant,3.1491338,101.6975732,AG7 SP7 KJ13 Masjid Jamek,127.2
KE0913,Pusat Penjaja Lebuh Ampang,Food,Food Court,3.149452,101.6975092,AG7 SP7 KJ13 Masjid Jamek,116.5
KE0914,Mixue,Food,Cafe,3.1080637,101.6244901,KJ22 Taman Paramount,401.1
KE0915,The Original Vadai,Food,Fast Food,3.147945,101.6976392,AG7 SP7 KJ13 Masjid Jamek,208.7
KE0916,Unnamed,Food,Fast Food,3.1478868,101.6974767,AG7 SP7 KJ13 Masjid Jamek,203.3
KE0917,Hometown Hainan Coffee,Food,Restaurant,3.1566161,101.7031436,KJ12 Dang Wangi,124.4
KE0918,Kami Shabu Shabu,Food,Restaurant,3.1539481,101.7009214,KJ12 Dang Wangi,330.6
KE0919,Wako Sushi Omakase,Food,Restaurant,3.1540143,101.7009865,KJ12 Dang Wangi,321.1
KE0920,ZUS Coffee,Food,Cafe,3.1033392,101.6388324,KJ21 Asia Jaya,166.2
KE0921,ZUS Coffee,Food,Cafe,3.1129327,101.6628414,KJ19 Universiti,219.7
KE0922,Kapitan Bistro,Food,Restaurant,3.1457906,101.6958516,KJ14 Pasar Seni,377.8
KE0923,Restoran Lohojong Bikrampur,Food,Restaurant,3.147223,101.6971865,AG7 SP7 KJ13 Masjid Jamek,255.9
KE0924,Restoran Jannati & Jinnati,Food,Restaurant,3.1472893,101.6971873,AG7 SP7 KJ13 Masjid Jamek,249
KE0927,New Bhansaghar Restaurant,Food,Restaurant,3.1467271,101.696651,AG7 SP7 KJ13 Masjid Jamek,298.8
KE0928,Restoran Bandariya,Food,Restaurant,3.149149,101.6983334,AG7 SP7 KJ13 Masjid Jamek,209.9
KE0929,Piccadilly Cafe,Food,Cafe,3.148187,101.6977308,AG7 SP7 KJ13 Masjid Jamek,195.7
KE0930,Sami’s Corner,Food,Fast Food,3.1323203,101.6873969,MR1 KL Sentral (Monorail),69.2
KE0931,Restoran Chong Kwee Foong,Food,Restaurant,3.1485212,101.6977749,AG7 SP7 KJ13 Masjid Jamek,176.1
KE0932,Hot Bowl Cafe,Food,Restaurant,3.1491844,101.698819,AG7 SP7 KJ13 Masjid Jamek,263
KE0933,Hj. Mustaffa Ha,Food,Restaurant,3.1487784,101.6984658,AG7 SP7 KJ13 Masjid Jamek,233.3
KE0934,Yong Leong Restaurant,Food,Restaurant,3.1482656,101.6980754,AG7 SP7 KJ13 Masjid Jamek,219.7
KE0935,Redoor Coffee,Food,Cafe,3.1487498,101.6987019,AG7 SP7 KJ13 Masjid Jamek,259.3
KE0936,Xinjiang Hamimu,Food,Restaurant,3.1486252,101.6986104,AG7 SP7 KJ13 Masjid Jamek,254
KE0938,High Street Art Cafe,Food,Restaurant,3.146139,101.6966581,AG7 SP7 KJ13 Masjid Jamek,364.1
KE0939,Pioneers Of Kuala Lumpur Museum,Culture,Museum,3.1456189,101.6965517,KG16 Pasar Seni,357.2
KE0940,Ola,Food,Cafe,3.1456627,101.6966973,KG16 Pasar Seni,363.7
KE0941,VIP Kawan-kawan,Food,Restaurant,3.1456803,101.6970116,KG16 Pasar Seni,371.5
KE0942,Laman Baginda,Food,Food Court,3.1596101,101.7021108,KJ12 Dang Wangi,322.7
KE0943,Style,Food,Restaurant,3.1583534,101.7047706,KJ12 Dang Wangi,355.3
KE0944,Nasi Kandar Al Safinah Maju,Food,Restaurant,3.1462681,101.6991231,AG7 SP7 KJ13 Masjid Jamek,457.4
KE0945,Restoran Zayyar Beriani,Food,Restaurant,3.1462188,101.6992068,AG7 SP7 KJ13 Masjid Jamek,467.6
KE0946,AR One International,Food,Restaurant,3.1461857,101.6975216,AG7 SP7 KJ13 Masjid Jamek,377.1
KE0948,Chow Kit Branch,Food,Restaurant,3.156664,101.700011,KJ12 Dang Wangi,223.9
KE0949,Restoran Charis,Food,Restaurant,3.1468941,101.6973072,AG7 SP7 KJ13 Masjid Jamek,294.9
KE0950,Restoran VIP Kawan-Kawan,Food,Restaurant,3.1468645,101.6973383,AG7 SP7 KJ13 Masjid Jamek,299.1
KE0951,Restoran Dhaka Biryani,Food,Restaurant,3.1469198,101.6975103,AG7 SP7 KJ13 Masjid Jamek,300.2
KE0952,Restoran Fatema,Food,Restaurant,3.1470235,101.697384,AG7 SP7 KJ13 Masjid Jamek,284.2
KE0953,Cumilla Restaurant & Biryani House,Food,Restaurant,3.1461372,101.6970956,AG7 SP7 KJ13 Masjid Jamek,370.4
KE0954,Restoran Hijas,Food,Restaurant,3.113579,101.6619871,KJ19 Universiti,112.3
KE0955,GClub,Entertainment,Nightclub,3.1455916,101.6974815,KG16 Pasar Seni,376.9
KE0956,Oochid Bistro,Food,Restaurant,3.1456076,101.6975762,KG16 Pasar Seni,382.4
KE0957,Yi Pin Lao Hotpot BBQ,Food,Restaurant,3.1442888,101.695981,KG16 Pasar Seni,210.9
KE0958,Golden Rose,Food,Restaurant,3.1460135,101.6984682,AG7 SP7 KJ13 Masjid Jamek,438.3
KE0959,AR One International,Food,Restaurant,3.1462419,101.6981602,AG7 SP7 KJ13 Masjid Jamek,399.4
KE0960,SOI 55 THAI KITCHEN (Yap Kwan Seng),Food,Restaurant,3.162966,101.7150155,PY20 Ampang Park,356.2
KE0961,Delhi Royale,Food,Restaurant,3.1628712,101.7148547,PY20 Ampang Park,369
KE0962,Chaoyang,Food,Restaurant,3.1628057,101.7147266,PY20 Ampang Park,380.1
KE0963,Medium,Food,Cafe,3.1270761,101.6766841,KJ16 Bangsar,262.5
KE0964,Jue Kitchen - Pasta,Food,Restaurant,3.1427112,101.6984181,KG16 Pasar Seni,238.6
KE0965,Monograph Dining,Food,Restaurant,3.1428053,101.6963845,KG16 Pasar Seni,44.4
KE0966,Da Bao Restobar,Food,Restaurant,3.1415265,101.6979023,KG16 Pasar Seni,204.7
KE0967,ZUS Coffee,Food,Cafe,3.1588164,101.7174347,PY21 Persiaran KLCC,230
KE0968,Lawanya Food Corner,Food,Fast Food,3.1356267,101.6913487,MR1 KL Sentral (Monorail),503.3
KE0969,fono,Entertainment,Nightclub,3.137827,101.6970349,KG16 Pasar Seni,517.1
KE0970,Yorimichi Cafe,Food,Cafe,3.1446966,101.6962973,KG16 Pasar Seni,253.4
KE0971,Jackson JR Stall,Food,Fast Food,3.1452504,101.6989383,KG16 Pasar Seni,430.9
KE0972,‘Q’ Cafe,Food,Restaurant,3.1520025,101.6943748,AG7 SP7 KJ13 Masjid Jamek,370
KE0973,Silverfox Cafe,Food,Cafe,3.1573341,101.6998209,KJ12 Dang Wangi,254.6
KE0974,AllAce,Food,Restaurant,3.2052491,101.7330341,KJ3 Wangsa Maju,136.9
KE0975,Nutty Apam Balik,Food,Fast Food,3.1444703,101.6964381,KG16 Pasar Seni,228.8
KE0976,Unnamed,Food,Restaurant,3.1562015,101.7001202,KJ12 Dang Wangi,219.1
KE0977,Starbucks,Food,Cafe,3.1561325,101.7052469,KJ12 Dang Wangi,363.2
KE0978,Tandoor Grill Restaurant,Food,Restaurant,3.1563199,101.7053042,KJ12 Dang Wangi,366.4
KE0979,Mixue,Food,Cafe,3.1281149,101.6788622,KJ16 Bangsar,75.9
KE0980,Deen Corner,Food,Fast Food,3.149865,101.6985127,AG7 SP7 KJ13 Masjid Jamek,233.4
KE0981,Scott Matrix Cafe,Food,Restaurant,3.1333742,101.6923583,MR1 KL Sentral (Monorail),504.1
KE0982,Petite Paris,Food,Cafe,3.1630991,101.7144348,PY20 Ampang Park,421.6
KE0983,Maru,Food,Cafe,3.1596425,101.7175622,KJ9 Ampang Park,174.8
KE0984,Zeteo,Food,Cafe,3.1423286,101.6978145,KG16 Pasar Seni,169.6
KE0985,Wawafish,Food,Restaurant,3.1417429,101.6978847,KG16 Pasar Seni,192.3
KE0986,Lo And Behold,Food,Restaurant,3.1416305,101.6978926,KG16 Pasar Seni,198.3
KE0987,GUI GUI Korean Barbecue,Food,Restaurant,3.1415736,101.6978379,KG16 Pasar Seni,195.9
KE0988,kyō,Entertainment,Nightclub,3.1553457,101.7120418,KJ10 KLCC,458
KE0989,Ai-CHA,Food,Cafe,2.9952293,101.5742121,SP31 KJ37 Putra Heights,177
KE0990,Restoran Omar Bahagia,Food,Restaurant,3.1666026,101.7308242,KJ6 Jelatek,503.9
KE0991,Warung 9 Kupang,Food,Restaurant,3.1650963,101.7326697,KJ6 Jelatek,379.1
KE0992,Flora Terrace,Food,Restaurant,3.1629283,101.7164679,PY20 Ampang Park,213.7
KE0993,Tatto,Food,Restaurant,3.1628608,101.7164423,PY20 Ampang Park,211.4
KE0994,Tok Janggut Seafood,Food,Restaurant,3.1117045,101.6622011,KJ19 Universiti,321
KE0995,Ameen’s Cafe,Food,Restaurant,3.1511296,101.6979739,AG7 SP7 KJ13 Masjid Jamek,254.7
KE0996,Omar Khayam,Food,Restaurant,3.1532867,101.6991218,KJ12 Dang Wangi,498.9
KE0997,Khan Jee 3,Food,Restaurant,3.1533385,101.6992943,KJ12 Dang Wangi,482.2
KE0998,Mee Tarik No 1,Food,Restaurant,3.1621956,101.7168376,PY20 Ampang Park,136.5
KE0999,Gigi Coffee,Food,Cafe,3.1141485,101.663324,KJ19 Universiti,185.5
KE1000,Gong Cha,Food,Cafe,3.1142015,101.6632302,KJ19 Universiti,174
KE1001,Dosz Coffee,Food,Cafe,3.162644,101.7171665,PY20 Ampang Park,135.2
KE1002,"Ali, Muthu & Ah Hock",Food,Restaurant,3.1622839,101.716838,PY20 Ampang Park,140.5
KE1003,Luna Kitchen,Food,Cafe,3.1431174,101.6966502,KG16 Pasar Seni,87.5
KE1004,AIR MATA KUCING,Food,Fast Food,3.1444898,101.697819,KG16 Pasar Seni,286.2
KE1005,Green Veggie,Food,Restaurant,3.1437221,101.6967034,KG16 Pasar Seni,152.2
KE1006,Bites,Food,Restaurant,3.145296,101.6993837,KG16 Pasar Seni,469.5
KE1007,Big Mouth Bak Kut Teh,Food,Restaurant,3.1439136,101.6969166,KG16 Pasar Seni,180.3
KE1008,Restoran New Sek Yuen,Food,Restaurant,3.1439211,101.6971452,KG16 Pasar Seni,192.3
KE1009,Sister Chicken Rice,Food,Restaurant,3.1439173,101.6969514,KG16 Pasar Seni,182.2
KE1010,Raijin Men,Food,Restaurant,3.1449909,101.6983391,KG16 Pasar Seni,365.6
KE1011,Stellar Coffee,Food,Cafe,3.1448627,101.6984826,KG16 Pasar Seni,365
KE1012,Le Petit Hamburg,Food,Restaurant,3.1449978,101.6981551,KG16 Pasar Seni,353.9
KE1014,Yasir Nasi Kandar,Food,Restaurant,3.1109565,101.5871805,KJ26 Ara Damansara,288.4
KE1015,The Vocation,Food,Cafe,3.1276777,101.6785486,KJ16 Bangsar,58
KE1017,Central Asia,Food,Restaurant,3.1624869,101.7125461,KJ10 KLCC,371.6
KE1018,Tealive,Food,Cafe,3.0846112,101.5874644,KD09 Subang Jaya,4.7
KE1019,Ricco Cafe,Food,Restaurant,3.0845873,101.5872601,KD09 Subang Jaya,18.5
KE1020,Mohd Yaseem Nasi Kandar,Food,Fast Food,3.1604024,101.7188055,KJ9 Ampang Park,43.8
KE1021,Otentik,Food,Fast Food,3.16041,101.7184928,KJ9 Ampang Park,72.1
KE1022,Warong Wang Wang,Food,Cafe,3.1618098,101.7174184,PY20 Ampang Park,62.7
KE1023,Yun Ye,Food,Restaurant,3.1617934,101.7175248,PY20 Ampang Park,50.8
KE1024,Yipinchu Rasa Cina,Food,Restaurant,3.162273,101.7173454,PY20 Ampang Park,92.1
KE1025,Mydina,Food,Restaurant,3.1617058,101.7167781,PY20 Ampang Park,133.3
KE1026,Mahnaz,Food,Restaurant,3.1615379,101.7167921,PY20 Ampang Park,133.6
KE1027,668 Restaurant,Food,Restaurant,3.1442291,101.6977399,KG16 Pasar Seni,257.9
KE1028,Chan Thong Kee,Food,Restaurant,3.1445112,101.6982984,KG16 Pasar Seni,322.4
KE1029,668 Food Centre,Food,Food Court,3.1445065,101.6985075,KG16 Pasar Seni,338.5
KE1030,Unnamed,Other,Viewpoint,3.1401823,101.7000564,KG16 Pasar Seni,486.5
KE1031,Nak Nak,Food,Fast Food,3.1276033,101.6780905,KJ16 Bangsar,104.4
KE1032,Unnamed,Food,Food Court,3.126851,101.6773126,KJ16 Bangsar,200.8
KE1033,Gigi Coffee,Food,Cafe,3.1266623,101.6772423,KJ16 Bangsar,215.8
KE1034,Che Usin,Food,Fast Food,3.1605683,101.718674,KJ9 Ampang Park,67.4
KE1035,22 Carrots,Food,Cafe,3.1614044,101.717537,PY20 Ampang Park,61.4
KE1036,Kung jung,Food,Restaurant,3.1578834,101.7186468,PY21 Persiaran KLCC,131.9
KE1037,Minmax,Food,Restaurant,3.1579376,101.7186429,PY21 Persiaran KLCC,137
KE1038,Crown Club,Entertainment,Nightclub,3.1568664,101.7219726,PY21 Persiaran KLCC,433.4
KE1039,Loong Kee,Food,Fast Food,3.1439812,101.6975967,KG16 Pasar Seni,226.5
KE1040,Wolf & Turtle Coffee,Food,Cafe,3.1613156,101.7112835,KJ10 KLCC,326.2
KE1041,HWC Coffee,Food,Cafe,3.1619736,101.7118145,KJ10 KLCC,348.7
KE1042,Kohi & Don,Food,Cafe,3.1620428,101.7116635,KJ10 KLCC,363.9
KE1043,Hartton,Food,Cafe,3.1620927,101.7117184,KJ10 KLCC,365.5
KE1044,Naef,Food,Restaurant,3.162057,101.7120089,KJ10 KLCC,346.9
KE1045,Hafila Maju,Food,Restaurant,3.1617504,101.711594,KJ10 KLCC,340.9
KE1046,CoCo Fresh Tea & Juice,Food,Cafe,3.16233,101.7121282,KJ10 KLCC,369.4
KE1047,Flash Food,Food,Food Court,3.1624956,101.7122109,KJ10 KLCC,383.3
KE1048,Chill N Chill Cafe,Food,Cafe,3.1620552,101.7122516,KJ10 KLCC,335.9
KE1049,Kudo Kudo,Food,Fast Food,3.1619963,101.7121431,KJ10 KLCC,334.5
KE1050,Hafila Maju,Food,Restaurant,3.1625707,101.7119759,KJ10 KLCC,400.5
KE1051,The Savoury Kitchen,Food,Restaurant,3.1625392,101.712512,KJ10 KLCC,378.2
KE1052,Merdeka Grill,Food,Restaurant,3.1417171,101.7007387,KG16 Pasar Seni,500.1
KE1053,Park Lounge,Food,Restaurant,3.141627,101.700779,KG16 Pasar Seni,506.2
KE1054,RDS Restaurant Sdn. Bhd.,Food,Restaurant,3.2051583,101.7329348,KJ3 Wangsa Maju,131.7
KE1055,Mee Tarik Muslim,Food,Restaurant,3.205194,101.7329706,KJ3 Wangsa Maju,133.2
KE1056,Dáo Desserts Soymilk & Beancurd,Food,Restaurant,3.2054357,101.7332262,KJ3 Wangsa Maju,150.4
KE1057,De Mookatha Thai BBQ,Food,Restaurant,3.205382,101.7327119,KJ3 Wangsa Maju,98.2
KE1058,Luckin Coffee,Food,Cafe,3.2054411,101.7327748,KJ3 Wangsa Maju,102.2
KE1059,Ai-CHA,Food,Cafe,3.2055665,101.7329032,KJ3 Wangsa Maju,112.3
KE1060,Thai In Mookata,Food,Restaurant,3.2057346,101.7335223,KJ3 Wangsa Maju,179.1
KE1061,KitTeaCat,Food,Cafe,3.2055829,101.7333703,KJ3 Wangsa Maju,163.3
KE1062,Sedap Sedap Manisan,Food,Restaurant,3.205961,101.7332894,KJ3 Wangsa Maju,155
KE1063,Restoran 10 Mixed Rice,Food,Restaurant,3.2058587,101.7331797,KJ3 Wangsa Maju,141.6
KE1064,Optimist Coffee,Food,Cafe,3.1598732,101.7192156,KJ9 Ampang Park,30.8
KE1065,Brightside Sandwich,Food,Fast Food,3.1598275,101.7191499,KJ9 Ampang Park,32.4
KE1066,Monet In The City,Food,Cafe,3.1598618,101.7188381,KJ9 Ampang Park,37.1
KE1067,Waaron Kuus,Food,Restaurant,3.143147,101.6978829,KG16 Pasar Seni,194.6
KE1068,Joy Food And Drink,Food,Fast Food,3.1426585,101.6977147,KG16 Pasar Seni,160.5
KE1069,V8 Kitchens EXP,Food,Cafe,3.1429483,101.6979014,KG16 Pasar Seni,188.4
KE1070,Butter Kaya,Food,Restaurant,3.1436143,101.6978206,KG16 Pasar Seni,215.9
KE1071,Restoran Farhaman,Food,Restaurant,3.1437821,101.6977884,KG16 Pasar Seni,225.2
KE1072,Haypii Kopii,Food,Cafe,3.1432095,101.6976853,KG16 Pasar Seni,178.2
KE1073,No 27,Food,Restaurant,3.1442374,101.698562,KG16 Pasar Seni,323.4
KE1074,India Gate Restaurant,Food,Restaurant,3.0824259,101.5875708,KD09 Subang Jaya,241.6
KE1075,Core Design Gallery,Culture,Gallery,3.0815659,101.5898622,KD09 Subang Jaya,431.9
KE1076,Yilo Restaurant & Bar | SS15,Food,Restaurant,3.0815923,101.5902582,KD09 Subang Jaya,458.5
KE1077,Chili's,Food,Restaurant,3.0822512,101.5832343,KD09 Subang Jaya,533.4
KE1078,Esquire Kitchen,Food,Restaurant,3.0823108,101.5865641,KD09 Subang Jaya,271.3
KE1079,Chagee,Food,Cafe,3.0822538,101.586224,KD09 Subang Jaya,292.4
KE1080,Padi House,Food,Restaurant,3.0823012,101.586387,KD09 Subang Jaya,279.8
KE1081,Oriental Parade,Food,Restaurant,3.082339,101.5867334,KD09 Subang Jaya,262.3
KE1082,Bee Cheng Hiang,Food,Fast Food,3.14426,101.6987077,KG16 Pasar Seni,337.7
KE1083,Chinese Food City,Food,Fast Food,3.1425636,101.6979585,KG16 Pasar Seni,186
KE1084,Restoran H&Y Jalan Sultan,Food,Restaurant,3.1443126,101.6987015,KG16 Pasar Seni,340.8
KE1085,Ru Yu Xuan Kopitiam,Food,Restaurant,3.0331707,101.5790035,KJ34 USJ21,493.1
KE1086,Balai Masyarakat MBSJ MPP Zon3 USJ17,Other,Community Centre,3.0333522,101.5794394,KJ34 USJ21,480.8
KE1087,Nasir Cafe,Food,Restaurant,3.0801352,101.5865357,KD09 Subang Jaya,505.5
KE1088,Dinar Cafe,Food,Restaurant,3.0802464,101.5865378,KD09 Subang Jaya,493.4
KE1089,Kenangan Coffee,Food,Cafe,3.1118778,101.6674027,KJ18 Kerinchi,419.5
KE1090,Clover,Food,Restaurant,3.126603,101.6754379,KJ16 Bangsar,408.6
KE1091,SOULed OUT,Food,Restaurant,3.1596936,101.7206907,KJ9 Ampang Park,186.1
KE1092,Ki Restaurant,Food,Restaurant,3.0824211,101.5895999,KD09 Subang Jaya,341.5
KE1093,Benjy Cafe,Food,Cafe,3.0824199,101.589556,KD09 Subang Jaya,338.2
KE1094,Crunchy Bite,Food,Restaurant,3.0824416,101.5908041,KD09 Subang Jaya,444.9
KE1095,Al Shamiah,Food,Restaurant,3.082451,101.5902234,KD09 Subang Jaya,391.4
KE1096,Pakistani Food House,Food,Restaurant,3.0824544,101.5901001,KD09 Subang Jaya,380.4
KE1097,Ricky Cafe,Food,Cafe,3.0824285,101.5907119,KD09 Subang Jaya,437.1
KE1098,View on Merdeka Tower 118,Other,Viewpoint,3.1427984,101.6986021,KG16 Pasar Seni,260.2
KE1099,View on Merdeka Tower 118,Other,Viewpoint,3.1427857,101.7008622,KG16 Pasar Seni,509.3
KE1100,View on Merdeka Tower 118,Other,Viewpoint,3.1427102,101.7013862,KG16 Pasar Seni,566.8
KE1101,Srezzatura,Food,Restaurant,3.1597527,101.7090524,KJ10 KLCC,482.2
KE1102,Cozy House,Food,Restaurant,3.159654,101.7091461,KJ10 KLCC,470.7
KE1103,O'Briens,Food,Cafe,3.1596811,101.7090784,KJ10 KLCC,478.5
KE1104,ZUS Coffee,Food,Cafe,3.1597995,101.709014,KJ10 KLCC,487.1
KE1105,Tai An Yu,Food,Restaurant,3.159829,101.7092148,KJ10 KLCC,465.4
KE1106,Luckin Coffee,Food,Cafe,3.1137035,101.6627682,KJ19 Universiti,151.1
KE1107,Hill Viewpoint,Other,Viewpoint,3.1563812,101.7160506,PY21 Persiaran KLCC,230.1
KE1108,Bake & Brew Cafe,Food,Cafe,3.0996381,101.6452939,KJ20 Taman Jaya,491.6
KE1109,Richiamo,Food,Cafe,3.1468044,101.6947466,AG7 SP7 KJ13 Masjid Jamek,346.4
KE1110,Coffee Gusto Ci Manchi,Food,Cafe,3.1545956,101.7060158,KJ12 Dang Wangi,501.3
KE1111,Old Peking Grilled Fish,Food,Restaurant,3.1431222,101.6987376,KG16 Pasar Seni,282.9
KE1112,Warung Awana,Food,Fast Food,3.1466716,101.6935936,AG7 SP7 KJ13 Masjid Jamek,440.3
KE1113,Richiamo Coffee,Food,Cafe,2.9963403,101.5712752,SP31 KJ37 Putra Heights,479
KE1114,Mixue,Food,Cafe,2.9963464,101.5728978,SP31 KJ37 Putra Heights,299.6
KE1115,ZUS Coffee,Food,Cafe,2.9963603,101.5732161,SP31 KJ37 Putra Heights,264.7
KE1116,Tealive,Food,Cafe,2.9963741,101.5740787,SP31 KJ37 Putra Heights,170.5
KE1117,Fluffed,Food,Restaurant,3.1426529,101.6972125,KG16 Pasar Seni,105.8
KE1118,Kim Yong Gee,Food,Restaurant,3.1425767,101.6980783,KG16 Pasar Seni,199.4
KE1119,Sutera Mas Beef Roti,Food,Fast Food,3.142591,101.6975196,KG16 Pasar Seni,137.9
KE1120,1978 Cucur Udang,Food,Fast Food,3.1425921,101.6975383,KG16 Pasar Seni,140
KE1121,Unnamed,Food,Cafe,3.1304392,101.6898434,MR1 KL Sentral (Monorail),336.7
KE1122,Dan Dan & Che Chem,Food,Restaurant,3.0949948,101.5873596,KJ27 Glenmarie,340.6
KE1123,Selera Nate,Food,Restaurant,3.0950406,101.5874332,KJ27 Glenmarie,331.4
KE1124,Food Court Menara Olympia,Food,Food Court,3.1495154,101.7002202,AG7 SP7 KJ13 Masjid Jamek,417.5
KE1125,Esca KL,Food,Restaurant,3.1418075,101.6978508,KG16 Pasar Seni,186.1
KE1126,ZUS Coffee,Food,Cafe,3.1600034,101.7167633,PY20 Ampang Park,235.3
KE1127,Chat Masala,Food,Restaurant,3.1282448,101.6831234,KJ16 Bangsar,464.2
KE1128,Dosz,Food,Cafe,3.1491204,101.7004778,AG7 SP7 KJ13 Masjid Jamek,447.1
KE1129,Shaik Corner Maju,Food,Fast Food,3.1433062,101.6997585,KG16 Pasar Seni,397.6
KE1130,Lisette's Café & Bakery,Food,Cafe,3.128049,101.678548,KJ16 Bangsar,84.6
KE1131,Muzium RTM,Culture,Museum,3.1128638,101.6707053,KJ18 Kerinchi,381.4
KE1132,Unnamed,Food,Fast Food,3.112353,101.6713092,KJ18 Kerinchi,468.3
KE1133,Unnamed,Food,Fast Food,3.1114623,101.6693736,KJ18 Kerinchi,458.3
KE1134,Faizal Kong Mee Tarik,Food,Restaurant,3.1450601,101.6943962,KJ14 Pasar Seni,308.7
KE1135,ZUS Coffee,Food,Cafe,3.1444906,101.6942212,KJ14 Pasar Seni,258.2
KE1136,Kenny Coffee Roasters,Food,Cafe,3.1547825,101.7184817,PY21 Persiaran KLCC,234.1
KE1137,ChaTraMue,Food,Cafe,3.1442867,101.6940619,KJ14 Pasar Seni,247.8
KE1138,Good News Pizza,Food,Restaurant,3.1409618,101.6980915,KG16 Pasar Seni,257.4
KE1139,New Chennai Bakery,Food,Restaurant,3.1352222,101.6912378,MR1 KL Sentral (Monorail),465.8
KE1140,Unnamed,Food,Fast Food,3.1348727,101.691351,MR1 KL Sentral (Monorail),454.5
KE1141,Ayyappa Pullingo,Food,Fast Food,3.1351297,101.6910782,MR1 KL Sentral (Monorail),445.4
KE1142,Unnamed,Food,Fast Food,3.1353511,101.6908951,MR1 KL Sentral (Monorail),445
KE1143,The Chai Master,Food,Cafe,3.1339167,101.6920787,MR1 KL Sentral (Monorail),486.1
KE1144,Vege Chat,Food,Restaurant,3.1347276,101.6920034,MR1 KL Sentral (Monorail),510.3
KE1145,Toast Maker,Food,Fast Food,3.1272365,101.6784527,KJ16 Bangsar,67.2
KE1146,Secret Recipe,Food,Fast Food,3.1275723,101.6784069,KJ16 Bangsar,69.3
KE1147,Khao Man Gai,Food,Restaurant,3.1277837,101.6786744,KJ16 Bangsar,53.2
KE1148,Mixue,Food,Cafe,3.1279168,101.6787747,KJ16 Bangsar,58.5
KE1149,Nyonya Tingkat,Food,Restaurant,3.127681,101.6785952,KJ16 Bangsar,53.5
KE1150,ZUS Coffee,Food,Cafe,3.1275395,101.6783796,KJ16 Bangsar,71.6
KE1151,Batter Be Belle Cake Shop USJ 7,Food,Cafe,3.047349,101.592948,KJ32 Taipan,315.1
KE1152,Kedai Makan Dan Minum Sang Wot,Food,Restaurant,3.12257,101.6755157,KD01 Abdullah Hukum,481.8
KE1153,Mawar Merah 118-2,Food,Restaurant,3.1426864,101.699091,KG16 Pasar Seni,312.5
KE1154,Malaya Nyonya House,Food,Restaurant,3.1419108,101.6990953,KG16 Pasar Seni,316.6
KE1155,Summation,Food,Cafe,3.1449274,101.6984076,KG16 Pasar Seni,364.9
KE1156,Kyuyo,Food,Restaurant,3.1279617,101.6773672,KJ16 Bangsar,192
KE1158,Sun San Curry,Food,Restaurant,3.1574381,101.7126093,KJ10 KLCC,218
KE1159,Hyderabad dum biryani,Food,Restaurant,3.1293411,101.6889175,MR1 KL Sentral (Monorail),394.9
KE1160,Monster and Beer,Food,Restaurant,3.1061147,101.6252534,KJ22 Taman Paramount,278.6
KE1161,Overtime Cafe,Food,Cafe,3.1632852,101.7184062,PY20 Ampang Park,178.5
KE1162,On The Go,Food,Cafe,3.1444023,101.6941928,KJ14 Pasar Seni,251.1
KE1163,Bunga Telang,Food,Fast Food,3.1441869,101.6936079,KJ14 Pasar Seni,271
KE1164,Cilantro Cafe,Food,Cafe,3.1445649,101.6942326,KJ14 Pasar Seni,264.9
KE1165,Pinggan Ayan,Food,Fast Food,3.144155,101.6935741,KJ14 Pasar Seni,271.1
KE1166,Greedy Grill,Food,Fast Food,3.1441277,101.6935246,KJ14 Pasar Seni,272.9
KE1167,Godzilla x Kong Mural,Culture,Attraction,3.1445007,101.6958395,KG16 Pasar Seni,237
KE1168,Softe,Food,Cafe,3.1591532,101.718941,KJ9 Ampang Park,106.9
KE1169,马来西亚华社研究中心思源讲堂,Other,Community Centre,3.1389999,101.6980863,KG16 Pasar Seni,429.2
KE1170,吉隆坡暨雪兰莪中华大会堂丹斯里颜清文礼堂,Other,Community Centre,3.1393091,101.6979762,KG16 Pasar Seni,393.1
KE1171,Nasi Lemak Shop,Food,Restaurant,3.1169835,101.6773639,KD01 Abdullah Hukum,500.7
KE1172,Subway,Food,Fast Food,3.147275,101.6944085,AG7 SP7 KJ13 Masjid Jamek,328.9
KE1173,Rindu Foodhall,Food,Food Court,3.1583654,101.7138247,KJ10 KLCC,110.4
KE1174,Malaysia Food Village by Yong Kee (B1),Food,Food Court,3.1584994,101.7137635,KJ10 KLCC,94.1
KE1175,Richiamo Coffee,Food,Cafe,3.1579944,101.7193455,PY21 Persiaran KLCC,190.7
KE1176,Dosz Coffee,Food,Cafe,3.1579763,101.7191552,PY21 Persiaran KLCC,174.1
KE1177,The Sai Hills Corner,Food,Fast Food,3.1535776,101.7055726,KJ12 Dang Wangi,525.5
KE1178,TSK Cafe,Food,Restaurant,3.1342796,101.6910606,MR1 KL Sentral (Monorail),394.4
KE1179,Pusat Rukun Tetangga Daerah Brickfields,Other,Community Centre,3.1340922,101.6904001,MR1 KL Sentral (Monorail),319.6
KE1180,Lovecity Cafe,Food,Cafe,3.1335779,101.6897964,MR1 KL Sentral (Monorail),234.3
KE1181,Saru's,Food,Restaurant,3.1288028,101.6797749,KJ16 Bangsar,172.2
KE1182,Upper House,Food,Restaurant,3.1431115,101.697887,KG16 Pasar Seni,193.4
KE1183,Restoran Dilla,Food,Restaurant,3.1452111,101.697824,KG16 Pasar Seni,354.3
KE1184,Bangunan Sultan Abdul Samad,Culture,Museum,3.1486259,101.6944497,AG7 SP7 KJ13 Masjid Jamek,239.6
KE1185,Galeri Royal Selangor,Culture,Gallery,3.148847,101.6945538,AG7 SP7 KJ13 Masjid Jamek,220.7
KE1186,The Café by Royal Selangor,Food,Cafe,3.1492042,101.6945482,AG7 SP7 KJ13 Masjid Jamek,213.6
KE1187,Courthouse Café,Food,Cafe,3.147962,101.6949069,AG7 SP7 KJ13 Masjid Jamek,235.8
KE1188,KFC,Food,Fast Food,3.1614505,101.7199768,KJ9 Ampang Park,180.5
KE1189,Nando's,Food,Restaurant,3.1613771,101.7200021,KJ9 Ampang Park,175.4
KE1190,Red Kettle,Food,Restaurant,3.1197606,101.6768196,KD01 Abdullah Hukum,406.9
KE1191,Bistro Kia Peng,Food,Restaurant,3.1526132,101.7166739,PY21 Persiaran KLCC,495.6
KE1192,PENKO Sushi & Grill Izakaya,Food,Restaurant,3.1472643,101.6960565,AG7 SP7 KJ13 Masjid Jamek,242.5
KE1193,Adventurers' Hall,Food,Cafe,3.1117719,101.6110941,KJ23 Taman Bahagia,216.4
KE1194,Acha Curry,Food,Restaurant,3.1116698,101.6108422,KJ23 Taman Bahagia,234.7
KE1195,Coox Kitchen,Food,Fast Food,3.1286091,101.6789848,KJ16 Bangsar,128.9
KE1196,Grand Hizar,Food,Restaurant,3.1530786,101.7209783,PY21 Persiaran KLCC,529
KE1197,Trace,Food,Restaurant,3.1587015,101.718829,KJ9 Ampang Park,158.4
KE1198,Din Sun Kopitiam,Food,Restaurant,3.1440493,101.6958097,KJ14 Pasar Seni,187.8
KE1199,Everest Kitchen,Food,Restaurant,3.1475951,101.6960933,AG7 SP7 KJ13 Masjid Jamek,205.6
KE1200,Nounou,Food,Restaurant,3.1291651,101.6799512,KJ16 Bangsar,217
KE1201,BBap,Food,Restaurant,3.133373,101.6864685,KJ15 KL Sentral,82.2
KE1202,Gerakan Belia 4B Malaysia,Other,Community Centre,3.1380037,101.6842081,KL Sentral,479.1
KE1203,Dataran Merdeka,Culture,Attraction,3.1486388,101.6936481,AG7 SP7 KJ13 Masjid Jamek,323.8
KE1204,Muzium Telekom,Culture,Museum,3.149046,101.699278,AG7 SP7 KJ13 Masjid Jamek,315.3
KE1205,Jalan Hang Kasturi,Culture,Attraction,3.1453613,101.6958024,KJ14 Pasar Seni,329.8
KE1206,REXKL,Culture,Arts Centre,3.1449157,101.6982503,KG16 Pasar Seni,352.9
KE1207,Sin Sze Si Ya Temple,Culture,Place Of Worship,3.1456516,101.6963891,KG16 Pasar Seni,359.8
KE1208,Taman Eko Rimba Kuala Lumpur,Culture,Attraction,3.1529423,101.7026404,KJ12 Dang Wangi,424.3
KE1211,A&W,Food,Fast Food,3.1034946,101.6460967,KJ20 Taman Jaya,107
KE1212,McDonald's,Food,Fast Food,3.1950439,101.5913299,PY05 Damansara Damai,552.1
KE1216,Unnamed,Food,Restaurant,3.0478278,101.5861898,KJ32 Taipan,440.1
KE1217,Unnamed,Food,Food Court,3.0478495,101.5928819,KJ32 Taipan,303
KE1218,Food Court USJ 7,Food,Food Court,3.0473346,101.5928057,KJ32 Taipan,299.8
KE1219,Menara Berkembar Petronas,Culture,Attraction,3.1579705,101.711761,KJ10 KLCC,227.8
KE1220,Muzium Negara,Culture,Museum,3.137709,101.687381,KL Sentral,396.7
KE1221,Q Bistro,Food,Restaurant,3.118248,101.6617308,KJ19 Universiti,411.5
KE1222,Unnamed,Food,Food Court,3.1213239,101.6767287,KD01 Abdullah Hukum,471.8
KE1223,Istana 1,Culture,Museum,3.1376947,101.6880871,KL Sentral,423.8
KE1224,Muzium Etnologi Dunia Melayu,Culture,Museum,3.1376831,101.6884371,KL Sentral,441.4
KE1225,Jalan Petaling,Culture,Marketplace,3.1438675,101.6976221,KG16 Pasar Seni,218.8
KE1226,Taman Budaya Kuala Lumpur,Culture,Arts Centre,3.1410427,101.6957119,KJ14 Pasar Seni,161.5
KE1227,Unnamed,Other,Community Centre,3.166835,101.7345514,KJ6 Jelatek,96.6
KE1228,Bangunan Zhongshan,Culture,Attraction,3.1378948,101.6971405,KG16 Pasar Seni,511.7
KE1229,Bangunan Sultan Abdul Samad,Culture,Attraction,3.1484599,101.694874,AG7 SP7 KJ13 Masjid Jamek,205.3
KE1230,Masjid Jamek Kuala Lumpur,Culture,Place Of Worship,3.1488366,101.6957991,AG7 SP7 KJ13 Masjid Jamek,97.1
KE1231,Balai Raya Tamera,Other,Community Centre,3.1146073,101.6073262,KJ24 Kelana Jaya,394.9
KE1232,Queen Victoria Fountain,Culture,Fountain,3.1476668,101.693825,AG7 SP7 KJ13 Masjid Jamek,350.9
KE1233,Stage,Entertainment,Theatre,3.0452469,101.5920633,KJ32 Taipan,357.9
KE1234,Jam Detik,Culture,Fountain,3.1507471,101.6943443,AG7 SP7 KJ13 Masjid Jamek,278.2
KE1235,Money's Corner Food Court,Food,Food Court,3.1312022,101.6865825,MR1 KL Sentral (Monorail),221.8
KE1236,Dewan Taman Melati,Other,Community Centre,3.2216266,101.7238498,KJ2 Taman Melati,320.9
KE1237,Red Bricks Cafeteria,Food,Restaurant,3.2161141,101.7254632,KJ2 Taman Melati,550.8
KE1238,Dewan Serbaguna Taman Melati Impian,Other,Community Centre,3.2189664,101.7186617,KJ2 Taman Melati,361.3
KE1239,Dewan Masyarakat,Other,Community Centre,3.2196918,101.7196052,KJ2 Taman Melati,251.8
KE1240,Medan Selera Nasi Kandar Utara,Food,Food Court,3.1282017,101.6777006,KJ16 Bangsar,168.5
KE1241,Kwai Chai Hong,Culture,Attraction,3.1416001,101.6976753,KG16 Pasar Seni,178.7
KE1242,Dewan Serbaguna Seksyen 1 Wangsa Maju,Other,Community Centre,3.2026506,101.7297359,KJ3 Wangsa Maju,420.9
KE1243,Dewan Serbaguna Keramat Jaya 2,Other,Community Centre,3.167881,101.7227807,KJ8 Damai,419.8
KE1244,Unnamed,Other,Community Centre,3.2031347,101.5954958,PY05 Damansara Damai,473.5
KE1245,The Great Cafe,Food,Cafe,3.0815176,101.5880679,KD09 Subang Jaya,349.4
KE1246,Unnamed,Food,Restaurant,3.0225491,101.5694122,KJ35 Alam Megah,303.8
KE1247,D’Tebing,Food,Food Court,3.1506995,101.6933977,AG7 SP7 KJ13 Masjid Jamek,369.2
KE1248,Unnamed,Food,Food Court,3.1591307,101.7020374,KJ12 Dang Wangi,269.3
KE1249,Masok Food Court,Food,Food Court,3.1599834,101.7023481,KJ12 Dang Wangi,365.8
KE1250,Unnamed,Food,Food Court,3.1602957,101.7025093,KJ12 Dang Wangi,402.4
KE1251,Unnamed,Food,Food Court,3.1606237,101.7026131,KJ12 Dang Wangi,440.1
KE1252,Unnamed,Other,Community Centre,3.2173004,101.7206305,KJ2 Taman Melati,283.1
KE1253,Mayang Oasis Food Court,Food,Food Court,3.116526,101.6040444,KJ24 Kelana Jaya,455.6
KE1254,Unnamed,Food,Fast Food,3.1018819,101.6271052,KJ22 Taman Paramount,536.8
KE1255,Unnamed,Food,Fast Food,3.1020118,101.6271132,KJ22 Taman Paramount,529.2
KE1256,Buana Cafe KK1,Food,Fast Food,3.1167807,101.6603592,KJ19 Universiti,289.6
KE1258,Dewan Orang Ramai AU1A/2,Other,Community Centre,3.1705475,101.7364963,KJ6 Jelatek,389.3
KE1259,Pasta Ohsem & Purple Monkey Subang Jaya SS15,Food,Restaurant,3.0815182,101.5878291,KD09 Subang Jaya,344.9
KE1260,McDonald's,Food,Fast Food,2.9974568,101.570872,SP31 KJ37 Putra Heights,545.7
KE1261,Unnamed,Food,Food Court,3.1204672,101.671107,KJ17 Abdullah Hukum,277
KE1262,Medan Selera Bunus,Food,Food Court,3.1525909,101.697759,AG7 SP7 KJ13 Masjid Jamek,382.2
KE1263,Copper Mansion,Food,Restaurant,3.1015277,101.635177,KJ21 Asia Jaya,423.6
KE1264,LAVELA KL,Food,Cafe,3.1489658,101.6978475,AG7 SP7 KJ13 Masjid Jamek,161.6
KE1265,KRT Taman Desa Setapak,Other,Community Centre,3.2059808,101.7337872,KJ3 Wangsa Maju,210.1
KE1266,Dewan Cendana 27B,Other,Community Centre,3.0259023,101.5708739,KJ35 Alam Megah,348.1
KE1267,Pusat Komuniti Wanita DUN Hulu Kelang,Other,Community Centre,3.1702806,101.7387478,KJ6 Jelatek,508.6
KE1268,Pusat Kegiatan Kampung Hujung Pasir,Other,Community Centre,3.1604411,101.7041584,KJ12 Dang Wangi,477.7
KE1269,Kiosk Medan Selera Tun Perak,Food,Food Court,3.1474309,101.6981162,AG7 SP7 KJ13 Masjid Jamek,286.5
KE1270,Al Baik Di Bistro,Food,Restaurant,3.1445639,101.6959457,KG16 Pasar Seni,241.7
KE1271,Dong Mun Kopitiam,Food,Food Court,3.1434434,101.6973251,KG16 Pasar Seni,162
KE1272,Kelab Victoria,Entertainment,Nightclub,3.1164793,101.6677425,KJ18 Kerinchi,138.2
KE1273,Chili's Grill & Bar,Food,Restaurant,3.1187046,101.6772256,KD01 Abdullah Hukum,439.9
KE1274,Medan Selera Madani Leboh Pudu,Food,Food Court,3.1460587,101.6980611,AG7 SP7 KJ13 Masjid Jamek,412.6
KE1275,Blue Corridor,Culture,Attraction,3.1485181,101.6954538,AG7 SP7 KJ13 Masjid Jamek,149.3
KE1276,Young Womens' Christian Association of Kuala Lumpur,Other,Community Centre,3.1429442,101.7017941,KG16 Pasar Seni,614
KE1277,Laman @ Menara Maybank,Food,Food Court,3.1471891,101.7005066,AG7 SP7 KJ13 Masjid Jamek,512.5
KE1278,Zus Coffee,Food,Cafe,3.1596151,101.7112689,KJ10 KLCC,236.4
KE1279,Daily Dose Coffee,Food,Cafe,3.1596118,101.7111979,KJ10 KLCC,244.1
KE1280,River of Life site,Culture,Attraction,3.1485181,101.6954538,AG7 SP7 KJ13 Masjid Jamek,149.3